,Unnamed: 0,5-tuple,sum_len,udp_tcp,pk_num,MAC,key,server_port,port_15,port_14,port_13,port_12,port_11,port_10,port_9,port_8,port_7,port_6,port_5,port_4,port_3,port_2,port_1,port_0,pred
169610,0,"['192.168.1.148', 35667, '180.97.123.223', 6002, 17]",2065,0,10,"['68:6d:bc:a9:7d:7c', '90:76:9f:88:5e:a3']",386889015028098260277631133523241944737,6002,0,0,0,1,0,1,1,1,0,1,1,1,0,0,1,0,1
10697,0,"['118.26.252.214', 8053, '192.168.1.166', 35210, 17]",804,0,7,"['90:76:9f:88:5e:a3', '54:ef:44:cd:42:95']",385372050532012179505260243373836167152,8053,0,0,0,1,1,1,1,1,0,1,1,1,0,1,0,1,1
174704,0,"['192.168.1.148', 38306, '180.97.123.223', 6002, 17]",2065,0,10,"['68:6d:bc:a9:7d:7c', '90:76:9f:88:5e:a3']",552440391630767938312332224729008187824,6002,0,0,0,1,0,1,1,1,0,1,1,1,0,0,1,0,1
158819,0,"['192.168.1.148', 37139, '180.97.123.223', 6002, 17]",2065,0,10,"['68:6d:bc:a9:7d:7c', '90:76:9f:88:5e:a3']",383290565746690362685528312263665158559,6002,0,0,0,1,0,1,1,1,0,1,1,1,0,0,1,0,1
5609,0,"['118.26.252.214', 8053, '192.168.1.166', 35210, 17]",948,0,3,"['90:76:9f:88:5e:a3', '54:ef:44:cd:42:95']",385372050532012179505260243373836167152,8053,0,0,0,1,1,1,1,1,0,1,1,1,0,1,0,1,1
169484,0,"['192.168.1.148', 49861, '180.97.123.223', 6002, 17]",2065,0,10,"['68:6d:bc:a9:7d:7c', '90:76:9f:88:5e:a3']",413611283161692622103866454556742830387,6002,0,0,0,1,0,1,1,1,0,1,1,1,0,0,1,0,1
158853,0,"['192.168.1.148', 38056, '180.97.123.223', 6002, 17]",2065,0,10,"['68:6d:bc:a9:7d:7c', '90:76:9f:88:5e:a3']",595668055614666595347964173303126800293,6002,0,0,0,1,0,1,1,1,0,1,1,1,0,0,1,0,1
8554,0,"['192.168.1.166', 35210, '118.26.252.214', 8053, 17]",892,0,5,"['54:ef:44:cd:42:95', '90:76:9f:88:5e:a3']",385372050532012179505260243373836167152,8053,0,0,0,1,1,1,1,1,0,1,1,1,0,1,0,1,1
164121,0,"['192.168.1.148', 34673, '180.97.123.223', 6002, 17]",2065,0,10,"['68:6d:bc:a9:7d:7c', '90:76:9f:88:5e:a3']",414335033376269979747172927794024453244,6002,0,0,0,1,0,1,1,1,0,1,1,1,0,0,1,0,1
174565,0,"['192.168.1.148', 56732, '180.97.123.223', 6002, 17]",2065,0,10,"['68:6d:bc:a9:7d:7c', '90:76:9f:88:5e:a3']",585408008349249156915164691086301596151,6002,0,0,0,1,0,1,1,1,0,1,1,1,0,0,1,0,1
169540,0,"['192.168.1.148', 34972, '180.97.123.223', 6002, 17]",2065,0,10,"['68:6d:bc:a9:7d:7c', '90:76:9f:88:5e:a3']",413203589652834361353987068415744959822,6002,0,0,0,1,0,1,1,1,0,1,1,1,0,0,1,0,1
207058,0,"['192.168.1.153', 21653, '118.25.112.63', 3478, 17]",784,0,14,"['90:76:9f:50:27:d9', '90:76:9f:88:5e:a3']",338035216152012651008806461904102276257,3478,0,0,0,0,1,1,0,1,1,0,0,1,0,1,1,0,1
219350,0,"['192.168.1.153', 16702, '118.25.112.63', 3478, 17]",912,0,12,"['90:76:9f:50:27:d9', '90:76:9f:88:5e:a3']",82750389827051071473737437835807046605,3478,0,0,0,0,1,1,0,1,1,0,0,1,0,1,1,0,1
174885,0,"['192.168.1.148', 60936, '180.97.123.223', 6002, 17]",2065,0,10,"['68:6d:bc:a9:7d:7c', '90:76:9f:88:5e:a3']",408907022019858023095485934761502637704,6002,0,0,0,1,0,1,1,1,0,1,1,1,0,0,1,0,1
159086,0,"['192.168.1.148', 47610, '180.97.123.223', 6002, 17]",2065,0,10,"['68:6d:bc:a9:7d:7c', '90:76:9f:88:5e:a3']",550364268655710392659191739426871654228,6002,0,0,0,1,0,1,1,1,0,1,1,1,0,0,1,0,1
159034,0,"['192.168.1.148', 34634, '180.97.123.223', 6002, 17]",2065,0,10,"['68:6d:bc:a9:7d:7c', '90:76:9f:88:5e:a3']",404995966306740086383026436979358273297,6002,0,0,0,1,0,1,1,1,0,1,1,1,0,0,1,0,1
164429,0,"['192.168.1.148', 46022, '180.97.123.223', 6002, 17]",2065,0,10,"['68:6d:bc:a9:7d:7c', '90:76:9f:88:5e:a3']",537704700035358491049379615867706950247,6002,0,0,0,1,0,1,1,1,0,1,1,1,0,0,1,0,1
158827,0,"['192.168.1.148', 39524, '180.97.123.223', 6002, 17]",2065,0,10,"['68:6d:bc:a9:7d:7c', '90:76:9f:88:5e:a3']",328056413408138608374595653654970912092,6002,0,0,0,1,0,1,1,1,0,1,1,1,0,0,1,0,1
164563,0,"['192.168.1.148', 38182, '180.97.123.223', 6002, 17]",2065,0,10,"['68:6d:bc:a9:7d:7c', '90:76:9f:88:5e:a3']",408577236114398866043219605567002717322,6002,0,0,0,1,0,1,1,1,0,1,1,1,0,0,1,0,1
212659,0,"['192.168.1.153', 26887, '212.64.65.187', 3478, 17]",760,0,10,"['90:76:9f:50:27:d9', '90:76:9f:88:5e:a3']",221637401152917874168781085590582898908,3478,0,0,0,0,1,1,0,1,1,0,0,1,0,1,1,0,1
6846,0,"['192.168.1.166', 35210, '118.26.252.214', 8053, 17]",892,0,5,"['54:ef:44:cd:42:95', '90:76:9f:88:5e:a3']",385372050532012179505260243373836167152,8053,0,0,0,1,1,1,1,1,0,1,1,1,0,1,0,1,1
169409,0,"['192.168.1.148', 53457, '180.97.123.223', 6002, 17]",2065,0,10,"['68:6d:bc:a9:7d:7c', '90:76:9f:88:5e:a3']",565724812735948132804698628329551406364,6002,0,0,0,1,0,1,1,1,0,1,1,1,0,0,1,0,1
164126,0,"['192.168.1.148', 33234, '180.97.123.223', 6002, 17]",2065,0,10,"['68:6d:bc:a9:7d:7c', '90:76:9f:88:5e:a3']",415882650639189809190274754928406789214,6002,0,0,0,1,0,1,1,1,0,1,1,1,0,0,1,0,1
1405,0,"['118.26.252.214', 8053, '192.168.1.166', 35210, 17]",932,0,3,"['90:76:9f:88:5e:a3', '54:ef:44:cd:42:95']",385372050532012179505260243373836167152,8053,0,0,0,1,1,1,1,1,0,1,1,1,0,1,0,1,1
164475,0,"['192.168.1.148', 36172, '180.97.123.223', 6002, 17]",2065,0,10,"['68:6d:bc:a9:7d:7c', '90:76:9f:88:5e:a3']",411326455437124872205539567590435605871,6002,0,0,0,1,0,1,1,1,0,1,1,1,0,0,1,0,1
1202,0,"['192.168.1.166', 35210, '118.26.252.214', 8053, 17]",892,0,5,"['54:ef:44:cd:42:95', '90:76:9f:88:5e:a3']",385372050532012179505260243373836167152,8053,0,0,0,1,1,1,1,1,0,1,1,1,0,1,0,1,1
159134,0,"['192.168.1.148', 54311, '180.97.123.223', 6002, 17]",2065,0,10,"['68:6d:bc:a9:7d:7c', '90:76:9f:88:5e:a3']",649159107475644654288953253085898464576,6002,0,0,0,1,0,1,1,1,0,1,1,1,0,0,1,0,1
174648,0,"['192.168.1.148', 54682, '180.97.123.223', 6002, 17]",2065,0,10,"['68:6d:bc:a9:7d:7c', '90:76:9f:88:5e:a3']",584434597630080530966515691969224750088,6002,0,0,0,1,0,1,1,1,0,1,1,1,0,0,1,0,1
15456,0,"['192.168.1.166', 35210, '118.26.252.214', 8053, 17]",892,0,5,"['54:ef:44:cd:42:95', '90:76:9f:88:5e:a3']",385372050532012179505260243373836167152,8053,0,0,0,1,1,1,1,1,0,1,1,1,0,1,0,1,1
4998,0,"['118.26.252.214', 8053, '192.168.1.166', 35210, 17]",804,0,7,"['90:76:9f:88:5e:a3', '54:ef:44:cd:42:95']",385372050532012179505260243373836167152,8053,0,0,0,1,1,1,1,1,0,1,1,1,0,1,0,1,1
13837,0,"['118.26.252.214', 8053, '192.168.1.166', 35210, 17]",948,0,3,"['90:76:9f:88:5e:a3', '54:ef:44:cd:42:95']",385372050532012179505260243373836167152,8053,0,0,0,1,1,1,1,1,0,1,1,1,0,1,0,1,1
212581,0,"['192.168.1.153', 28366, '212.64.65.187', 3478, 17]",760,0,10,"['90:76:9f:50:27:d9', '90:76:9f:88:5e:a3']",343572190922742550925604660228193327079,3478,0,0,0,0,1,1,0,1,1,0,0,1,0,1,1,0,1
164193,0,"['192.168.1.148', 47506, '180.97.123.223', 6002, 17]",2065,0,10,"['68:6d:bc:a9:7d:7c', '90:76:9f:88:5e:a3']",410262973669517528292506663811394905245,6002,0,0,0,1,0,1,1,1,0,1,1,1,0,0,1,0,1
169735,0,"['192.168.1.148', 37824, '180.97.123.223', 6002, 17]",2065,0,10,"['68:6d:bc:a9:7d:7c', '90:76:9f:88:5e:a3']",653740432925422877835705076379439812995,6002,0,0,0,1,0,1,1,1,0,1,1,1,0,0,1,0,1
201305,0,"['192.168.1.153', 32242, '118.25.112.63', 3478, 17]",760,0,10,"['90:76:9f:50:27:d9', '90:76:9f:88:5e:a3']",253941319416356744324047047139785504705,3478,0,0,0,0,1,1,0,1,1,0,0,1,0,1,1,0,1
164132,0,"['192.168.1.148', 58013, '180.97.123.223', 6002, 17]",2065,0,10,"['68:6d:bc:a9:7d:7c', '90:76:9f:88:5e:a3']",525134775313948483318013658461647604200,6002,0,0,0,1,0,1,1,1,0,1,1,1,0,0,1,0,1
219748,0,"['192.168.1.153', 25038, '118.25.112.63', 3478, 17]",760,0,10,"['90:76:9f:50:27:d9', '90:76:9f:88:5e:a3']",174421562365203883930495605782043313416,3478,0,0,0,0,1,1,0,1,1,0,0,1,0,1,1,0,1
5690,0,"['192.168.1.166', 35210, '118.26.252.214', 8053, 17]",892,0,5,"['54:ef:44:cd:42:95', '90:76:9f:88:5e:a3']",385372050532012179505260243373836167152,8053,0,0,0,1,1,1,1,1,0,1,1,1,0,1,0,1,1
169741,0,"['192.168.1.148', 56391, '180.97.123.223', 6002, 17]",2065,0,10,"['68:6d:bc:a9:7d:7c', '90:76:9f:88:5e:a3']",545759619652617393114142976108562918735,6002,0,0,0,1,0,1,1,1,0,1,1,1,0,0,1,0,1
20145,0,"['192.168.1.166', 35210, '118.26.252.214', 8053, 17]",892,0,5,"['54:ef:44:cd:42:95', '90:76:9f:88:5e:a3']",385372050532012179505260243373836167152,8053,0,0,0,1,1,1,1,1,0,1,1,1,0,1,0,1,1
26023,0,"['192.168.1.166', 35210, '118.26.252.214', 8053, 17]",892,0,5,"['54:ef:44:cd:42:95', '90:76:9f:88:5e:a3']",385372050532012179505260243373836167152,8053,0,0,0,1,1,1,1,1,0,1,1,1,0,1,0,1,1
8187,0,"['192.168.1.166', 35210, '118.26.252.214', 8053, 17]",892,0,5,"['54:ef:44:cd:42:95', '90:76:9f:88:5e:a3']",385372050532012179505260243373836167152,8053,0,0,0,1,1,1,1,1,0,1,1,1,0,1,0,1,1
82938,0,"['192.168.1.199', 60338, '192.168.1.1', 53, 17]",704,0,8,"['b0:f8:93:42:22:bf', '90:76:9f:88:5e:a3']",213997973452189246244171624624985366837,53,0,0,0,0,0,0,0,0,0,0,1,1,0,1,0,1,1
3580,0,"['118.26.252.214', 8053, '192.168.1.166', 35210, 17]",916,0,7,"['90:76:9f:88:5e:a3', '54:ef:44:cd:42:95']",385372050532012179505260243373836167152,8053,0,0,0,1,1,1,1,1,0,1,1,1,0,1,0,1,1
9824,0,"['118.26.252.214', 8053, '192.168.1.166', 35210, 17]",804,0,7,"['90:76:9f:88:5e:a3', '54:ef:44:cd:42:95']",385372050532012179505260243373836167152,8053,0,0,0,1,1,1,1,1,0,1,1,1,0,1,0,1,1
158974,0,"['192.168.1.148', 34422, '180.97.123.223', 6002, 17]",2065,0,10,"['68:6d:bc:a9:7d:7c', '90:76:9f:88:5e:a3']",353224521164878421159608502601280894020,6002,0,0,0,1,0,1,1,1,0,1,1,1,0,0,1,0,1
159169,0,"['192.168.1.148', 50177, '180.97.123.223', 6002, 17]",2065,0,10,"['68:6d:bc:a9:7d:7c', '90:76:9f:88:5e:a3']",471711160354985396715465511625537003416,6002,0,0,0,1,0,1,1,1,0,1,1,1,0,0,1,0,1
174690,0,"['192.168.1.148', 39776, '180.97.123.223', 6002, 17]",2065,0,10,"['68:6d:bc:a9:7d:7c', '90:76:9f:88:5e:a3']",505525992111567946007623234846281452668,6002,0,0,0,1,0,1,1,1,0,1,1,1,0,0,1,0,1
15934,0,"['192.168.1.166', 35210, '118.26.252.214', 8053, 17]",892,0,5,"['54:ef:44:cd:42:95', '90:76:9f:88:5e:a3']",385372050532012179505260243373836167152,8053,0,0,0,1,1,1,1,1,0,1,1,1,0,1,0,1,1
159115,0,"['192.168.1.148', 60282, '180.97.123.223', 6002, 17]",2065,0,10,"['68:6d:bc:a9:7d:7c', '90:76:9f:88:5e:a3']",535122737049677468704355425256931297373,6002,0,0,0,1,0,1,1,1,0,1,1,1,0,0,1,0,1
5029,0,"['118.26.252.214', 8053, '192.168.1.166', 35210, 17]",804,0,7,"['90:76:9f:88:5e:a3', '54:ef:44:cd:42:95']",385372050532012179505260243373836167152,8053,0,0,0,1,1,1,1,1,0,1,1,1,0,1,0,1,1
158870,0,"['192.168.1.148', 46445, '180.97.123.223', 6002, 17]",2065,0,10,"['68:6d:bc:a9:7d:7c', '90:76:9f:88:5e:a3']",572417808195472598216804145174993389717,6002,0,0,0,1,0,1,1,1,0,1,1,1,0,0,1,0,1
206152,0,"['192.168.1.153', 22082, '118.25.112.63', 3478, 17]",760,0,10,"['90:76:9f:50:27:d9', '90:76:9f:88:5e:a3']",243579990593095018177168575472518034294,3478,0,0,0,0,1,1,0,1,1,0,0,1,0,1,1,0,1
4940,0,"['118.26.252.214', 8053, '192.168.1.166', 35210, 17]",804,0,7,"['90:76:9f:88:5e:a3', '54:ef:44:cd:42:95']",385372050532012179505260243373836167152,8053,0,0,0,1,1,1,1,1,0,1,1,1,0,1,0,1,1
18499,0,"['192.168.1.166', 35210, '118.26.252.214', 8053, 17]",892,0,5,"['54:ef:44:cd:42:95', '90:76:9f:88:5e:a3']",385372050532012179505260243373836167152,8053,0,0,0,1,1,1,1,1,0,1,1,1,0,1,0,1,1
169440,0,"['192.168.1.148', 41164, '180.97.123.223', 6002, 17]",2065,0,10,"['68:6d:bc:a9:7d:7c', '90:76:9f:88:5e:a3']",491178901096735382343306170081352026122,6002,0,0,0,1,0,1,1,1,0,1,1,1,0,0,1,0,1
169675,0,"['192.168.1.148', 59346, '180.97.123.223', 6002, 17]",2065,0,10,"['68:6d:bc:a9:7d:7c', '90:76:9f:88:5e:a3']",635037102323972123055130585435703983318,6002,0,0,0,1,0,1,1,1,0,1,1,1,0,0,1,0,1
219941,0,"['192.168.1.153', 20306, '118.25.112.63', 3478, 17]",912,0,12,"['90:76:9f:50:27:d9', '90:76:9f:88:5e:a3']",374873130048337164776706146403045912529,3478,0,0,0,0,1,1,0,1,1,0,0,1,0,1,1,0,1
174781,0,"['192.168.1.148', 37557, '180.97.123.223', 6002, 17]",2065,0,10,"['68:6d:bc:a9:7d:7c', '90:76:9f:88:5e:a3']",621376992560561633113857415666552898558,6002,0,0,0,1,0,1,1,1,0,1,1,1,0,0,1,0,1
207492,0,"['192.168.1.153', 17215, '212.64.65.187', 3478, 17]",912,0,12,"['90:76:9f:50:27:d9', '90:76:9f:88:5e:a3']",411682594169417408810535214889898679851,3478,0,0,0,0,1,1,0,1,1,0,0,1,0,1,1,0,1
159040,0,"['192.168.1.148', 47810, '180.97.123.223', 6002, 17]",2065,0,10,"['68:6d:bc:a9:7d:7c', '90:76:9f:88:5e:a3']",546333704005100655479259775885693388403,6002,0,0,0,1,0,1,1,1,0,1,1,1,0,0,1,0,1
206192,0,"['192.168.1.153', 21573, '118.25.112.63', 3478, 17]",760,0,10,"['90:76:9f:50:27:d9', '90:76:9f:88:5e:a3']",363682121330274798553250092840450040756,3478,0,0,0,0,1,1,0,1,1,0,0,1,0,1,1,0,1
212386,0,"['192.168.1.153', 25737, '212.64.65.187', 3478, 17]",912,0,12,"['90:76:9f:50:27:d9', '90:76:9f:88:5e:a3']",386342582397418457212272778138533441903,3478,0,0,0,0,1,1,0,1,1,0,0,1,0,1,1,0,1
19668,0,"['192.168.1.166', 35210, '118.26.252.214', 8053, 17]",892,0,5,"['54:ef:44:cd:42:95', '90:76:9f:88:5e:a3']",385372050532012179505260243373836167152,8053,0,0,0,1,1,1,1,1,0,1,1,1,0,1,0,1,1
169542,0,"['192.168.1.148', 47839, '180.97.123.223', 6002, 17]",2065,0,10,"['68:6d:bc:a9:7d:7c', '90:76:9f:88:5e:a3']",508809814548720370320504229946311602192,6002,0,0,0,1,0,1,1,1,0,1,1,1,0,0,1,0,1
175030,0,"['192.168.1.148', 53653, '180.97.123.223', 6002, 17]",2065,0,10,"['68:6d:bc:a9:7d:7c', '90:76:9f:88:5e:a3']",416133314903984840494946344460619417736,6002,0,0,0,1,0,1,1,1,0,1,1,1,0,0,1,0,1
206024,0,"['192.168.1.153', 24968, '118.25.112.63', 3478, 17]",760,0,10,"['90:76:9f:50:27:d9', '90:76:9f:88:5e:a3']",112601489125483140643411313069771590540,3478,0,0,0,0,1,1,0,1,1,0,0,1,0,1,1,0,1
174600,0,"['192.168.1.148', 47568, '180.97.123.223', 6002, 17]",2065,0,10,"['68:6d:bc:a9:7d:7c', '90:76:9f:88:5e:a3']",607241112916841750820865960837892113367,6002,0,0,0,1,0,1,1,1,0,1,1,1,0,0,1,0,1
164047,0,"['192.168.1.148', 44208, '180.97.123.223', 6002, 17]",2065,0,10,"['68:6d:bc:a9:7d:7c', '90:76:9f:88:5e:a3']",457512893421096400029616328750301649385,6002,0,0,0,1,0,1,1,1,0,1,1,1,0,0,1,0,1
12981,0,"['118.26.252.214', 8053, '192.168.1.166', 35210, 17]",804,0,7,"['90:76:9f:88:5e:a3', '54:ef:44:cd:42:95']",385372050532012179505260243373836167152,8053,0,0,0,1,1,1,1,1,0,1,1,1,0,1,0,1,1
219733,0,"['192.168.1.153', 29436, '118.25.112.63', 3478, 17]",760,0,10,"['90:76:9f:50:27:d9', '90:76:9f:88:5e:a3']",221831906691810026057252714445006890058,3478,0,0,0,0,1,1,0,1,1,0,0,1,0,1,1,0,1
206890,0,"['192.168.1.153', 20347, '118.25.112.63', 3478, 17]",760,0,10,"['90:76:9f:50:27:d9', '90:76:9f:88:5e:a3']",250568763824603292600168444998643171747,3478,0,0,0,0,1,1,0,1,1,0,0,1,0,1,1,0,1
82940,0,"['192.168.1.199', 60363, '192.168.1.1', 53, 17]",704,0,8,"['b0:f8:93:42:22:bf', '90:76:9f:88:5e:a3']",95764179354533422665506194862674707782,53,0,0,0,0,0,0,0,0,0,0,1,1,0,1,0,1,1
7820,0,"['118.26.252.214', 8053, '192.168.1.166', 35210, 17]",948,0,3,"['90:76:9f:88:5e:a3', '54:ef:44:cd:42:95']",385372050532012179505260243373836167152,8053,0,0,0,1,1,1,1,1,0,1,1,1,0,1,0,1,1
174742,0,"['192.168.1.148', 43766, '180.97.123.223', 6002, 17]",2065,0,10,"['68:6d:bc:a9:7d:7c', '90:76:9f:88:5e:a3']",437512602131587766793775955079286252754,6002,0,0,0,1,0,1,1,1,0,1,1,1,0,0,1,0,1
5158,0,"['118.26.252.214', 8053, '192.168.1.166', 35210, 17]",948,0,7,"['90:76:9f:88:5e:a3', '54:ef:44:cd:42:95']",385372050532012179505260243373836167152,8053,0,0,0,1,1,1,1,1,0,1,1,1,0,1,0,1,1
107305,0,"['192.168.1.199', 57157, '192.168.1.1', 53, 17]",704,0,8,"['b0:f8:93:42:22:bf', '90:76:9f:88:5e:a3']",68011012947348345870241674626739102411,53,0,0,0,0,0,0,0,0,0,0,1,1,0,1,0,1,1
21602,0,"['118.26.252.214', 8053, '192.168.1.166', 35210, 17]",948,0,3,"['90:76:9f:88:5e:a3', '54:ef:44:cd:42:95']",385372050532012179505260243373836167152,8053,0,0,0,1,1,1,1,1,0,1,1,1,0,1,0,1,1
219937,0,"['118.25.112.63', 3478, '192.168.1.153', 29600, 17]",704,0,9,"['90:76:9f:88:5e:a3', '90:76:9f:50:27:d9']",344208953593918541498316995437665814773,3478,0,0,0,0,1,1,0,1,1,0,0,1,0,1,1,0,1
17952,0,"['118.26.252.214', 8053, '192.168.1.166', 35210, 17]",804,0,7,"['90:76:9f:88:5e:a3', '54:ef:44:cd:42:95']",385372050532012179505260243373836167152,8053,0,0,0,1,1,1,1,1,0,1,1,1,0,1,0,1,1
22352,0,"['192.168.1.166', 35210, '118.26.252.214', 8053, 17]",892,0,5,"['54:ef:44:cd:42:95', '90:76:9f:88:5e:a3']",385372050532012179505260243373836167152,8053,0,0,0,1,1,1,1,1,0,1,1,1,0,1,0,1,1
174798,0,"['192.168.1.148', 42613, '180.97.123.223', 6002, 17]",2065,0,10,"['68:6d:bc:a9:7d:7c', '90:76:9f:88:5e:a3']",558115023212563049746116536159342945885,6002,0,0,0,1,0,1,1,1,0,1,1,1,0,0,1,0,1
164634,0,"['192.168.1.148', 34033, '180.97.123.223', 6002, 17]",2065,0,10,"['68:6d:bc:a9:7d:7c', '90:76:9f:88:5e:a3']",520745010916871197960812962654137073382,6002,0,0,0,1,0,1,1,1,0,1,1,1,0,0,1,0,1
169419,0,"['192.168.1.148', 52531, '180.97.123.223', 6002, 17]",2065,0,10,"['68:6d:bc:a9:7d:7c', '90:76:9f:88:5e:a3']",614684211730148633243956766800668379259,6002,0,0,0,1,0,1,1,1,0,1,1,1,0,0,1,0,1
148560,0,"['123.59.210.131', 80, '192.168.1.147', 49815, 17]",720,0,5,"['90:76:9f:88:5e:a3', 'b0:59:47:a2:b2:ab']",254869816289267740194704940580318229500,80,0,0,0,0,0,0,0,0,0,1,0,1,0,0,0,0,1
11546,0,"['118.26.252.214', 8053, '192.168.1.166', 35210, 17]",804,0,7,"['90:76:9f:88:5e:a3', '54:ef:44:cd:42:95']",385372050532012179505260243373836167152,8053,0,0,0,1,1,1,1,1,0,1,1,1,0,1,0,1,1
24946,0,"['118.26.252.214', 8053, '192.168.1.166', 35210, 17]",796,0,5,"['90:76:9f:88:5e:a3', '54:ef:44:cd:42:95']",385372050532012179505260243373836167152,8053,0,0,0,1,1,1,1,1,0,1,1,1,0,1,0,1,1
159098,0,"['192.168.1.148', 34059, '180.97.123.223', 6002, 17]",2065,0,10,"['68:6d:bc:a9:7d:7c', '90:76:9f:88:5e:a3']",509446375149118048717553148593038222311,6002,0,0,0,1,0,1,1,1,0,1,1,1,0,0,1,0,1
174858,0,"['192.168.1.148', 50527, '180.97.123.223', 6002, 17]",2065,0,10,"['68:6d:bc:a9:7d:7c', '90:76:9f:88:5e:a3']",462680260472144379468527708279971533265,6002,0,0,0,1,0,1,1,1,0,1,1,1,0,0,1,0,1
169500,0,"['192.168.1.148', 37467, '180.97.123.223', 6002, 17]",2065,0,10,"['68:6d:bc:a9:7d:7c', '90:76:9f:88:5e:a3']",421093450626030440351480753178894237150,6002,0,0,0,1,0,1,1,1,0,1,1,1,0,0,1,0,1
4580,0,"['118.26.252.214', 8053, '192.168.1.166', 35210, 17]",948,0,7,"['90:76:9f:88:5e:a3', '54:ef:44:cd:42:95']",385372050532012179505260243373836167152,8053,0,0,0,1,1,1,1,1,0,1,1,1,0,1,0,1,1
4820,0,"['118.26.252.214', 8053, '192.168.1.166', 35210, 17]",916,0,7,"['90:76:9f:88:5e:a3', '54:ef:44:cd:42:95']",385372050532012179505260243373836167152,8053,0,0,0,1,1,1,1,1,0,1,1,1,0,1,0,1,1
169789,0,"['192.168.1.148', 48403, '180.97.123.223', 6002, 17]",2065,0,10,"['68:6d:bc:a9:7d:7c', '90:76:9f:88:5e:a3']",396925855784315963096685700152283313571,6002,0,0,0,1,0,1,1,1,0,1,1,1,0,0,1,0,1
175176,0,"['192.168.1.148', 58876, '180.97.123.223', 6002, 17]",2065,0,10,"['68:6d:bc:a9:7d:7c', '90:76:9f:88:5e:a3']",613777476875186234207634866089060436245,6002,0,0,0,1,0,1,1,1,0,1,1,1,0,0,1,0,1
107332,0,"['192.168.1.199', 57398, '192.168.1.1', 53, 17]",704,0,8,"['b0:f8:93:42:22:bf', '90:76:9f:88:5e:a3']",327826456165784698695064538527530850645,53,0,0,0,0,0,0,0,0,0,0,1,1,0,1,0,1,1
164361,0,"['192.168.1.148', 42899, '180.97.123.223', 6002, 17]",2065,0,10,"['68:6d:bc:a9:7d:7c', '90:76:9f:88:5e:a3']",516265801589679513481285373596418933809,6002,0,0,0,1,0,1,1,1,0,1,1,1,0,0,1,0,1
207270,0,"['192.168.1.153', 19442, '118.25.112.63', 3478, 17]",760,0,10,"['90:76:9f:50:27:d9', '90:76:9f:88:5e:a3']",119205663316980306191809051314624360405,3478,0,0,0,0,1,1,0,1,1,0,0,1,0,1,1,0,1
174918,0,"['192.168.1.148', 44812, '180.97.123.223', 6002, 17]",2065,0,10,"['68:6d:bc:a9:7d:7c', '90:76:9f:88:5e:a3']",584991119495457832622964603822371948425,6002,0,0,0,1,0,1,1,1,0,1,1,1,0,0,1,0,1
21587,0,"['192.168.1.166', 35210, '118.26.252.214', 8053, 17]",892,0,5,"['54:ef:44:cd:42:95', '90:76:9f:88:5e:a3']",385372050532012179505260243373836167152,8053,0,0,0,1,1,1,1,1,0,1,1,1,0,1,0,1,1
22080,0,"['118.26.252.214', 8053, '192.168.1.166', 35210, 17]",948,0,3,"['90:76:9f:88:5e:a3', '54:ef:44:cd:42:95']",385372050532012179505260243373836167152,8053,0,0,0,1,1,1,1,1,0,1,1,1,0,1,0,1,1
213414,0,"['192.168.1.153', 17436, '212.64.65.187', 3478, 17]",912,0,12,"['90:76:9f:50:27:d9', '90:76:9f:88:5e:a3']",337485534495236736474490419536419622134,3478,0,0,0,0,1,1,0,1,1,0,0,1,0,1,1,0,1
8902,0,"['118.26.252.214', 8053, '192.168.1.166', 35210, 17]",804,0,7,"['90:76:9f:88:5e:a3', '54:ef:44:cd:42:95']",385372050532012179505260243373836167152,8053,0,0,0,1,1,1,1,1,0,1,1,1,0,1,0,1,1
26991,0,"['118.26.252.214', 8053, '192.168.1.166', 35210, 17]",948,0,3,"['90:76:9f:88:5e:a3', '54:ef:44:cd:42:95']",385372050532012179505260243373836167152,8053,0,0,0,1,1,1,1,1,0,1,1,1,0,1,0,1,1
15949,0,"['118.26.252.214', 8053, '192.168.1.166', 35210, 17]",948,0,3,"['90:76:9f:88:5e:a3', '54:ef:44:cd:42:95']",385372050532012179505260243373836167152,8053,0,0,0,1,1,1,1,1,0,1,1,1,0,1,0,1,1
164063,0,"['192.168.1.148', 35932, '180.97.123.223', 6002, 17]",2065,0,10,"['68:6d:bc:a9:7d:7c', '90:76:9f:88:5e:a3']",617211035903258936839183563455303895177,6002,0,0,0,1,0,1,1,1,0,1,1,1,0,0,1,0,1
221033,0,"['192.168.1.153', 29357, '111.231.83.208', 3478, 17]",760,0,10,"['90:76:9f:50:27:d9', '90:76:9f:88:5e:a3']",516554309457836992358581459864962073259,3478,0,0,0,0,1,1,0,1,1,0,0,1,0,1,1,0,1
169773,0,"['192.168.1.148', 51487, '180.97.123.223', 6002, 17]",2065,0,10,"['68:6d:bc:a9:7d:7c', '90:76:9f:88:5e:a3']",441540959779799381713676901363840372294,6002,0,0,0,1,0,1,1,1,0,1,1,1,0,0,1,0,1
212489,0,"['192.168.1.153', 27470, '212.64.65.187', 3478, 17]",912,0,12,"['90:76:9f:50:27:d9', '90:76:9f:88:5e:a3']",462058003363724818505831006688598666556,3478,0,0,0,0,1,1,0,1,1,0,0,1,0,1,1,0,1
174706,0,"['192.168.1.148', 54738, '180.97.123.223', 6002, 17]",2065,0,10,"['68:6d:bc:a9:7d:7c', '90:76:9f:88:5e:a3']",337676352236100671296981910747168141279,6002,0,0,0,1,0,1,1,1,0,1,1,1,0,0,1,0,1
174748,0,"['192.168.1.148', 60956, '180.97.123.223', 6002, 17]",2065,0,10,"['68:6d:bc:a9:7d:7c', '90:76:9f:88:5e:a3']",349305556176859214213946471535926177106,6002,0,0,0,1,0,1,1,1,0,1,1,1,0,0,1,0,1
175102,0,"['192.168.1.148', 40661, '180.97.123.223', 6002, 17]",2065,0,10,"['68:6d:bc:a9:7d:7c', '90:76:9f:88:5e:a3']",645477044849326407450610377077432791338,6002,0,0,0,1,0,1,1,1,0,1,1,1,0,0,1,0,1
164613,0,"['192.168.1.148', 36975, '180.97.123.223', 6002, 17]",2065,0,10,"['68:6d:bc:a9:7d:7c', '90:76:9f:88:5e:a3']",477339620037531683066185733119476321441,6002,0,0,0,1,0,1,1,1,0,1,1,1,0,0,1,0,1
11944,0,"['118.26.252.214', 8053, '192.168.1.166', 35210, 17]",804,0,7,"['90:76:9f:88:5e:a3', '54:ef:44:cd:42:95']",385372050532012179505260243373836167152,8053,0,0,0,1,1,1,1,1,0,1,1,1,0,1,0,1,1
169430,0,"['192.168.1.148', 39990, '180.97.123.223', 6002, 17]",2065,0,10,"['68:6d:bc:a9:7d:7c', '90:76:9f:88:5e:a3']",472115657974940549350251739609233505176,6002,0,0,0,1,0,1,1,1,0,1,1,1,0,0,1,0,1
169494,0,"['192.168.1.148', 57537, '180.97.123.223', 6002, 17]",2065,0,10,"['68:6d:bc:a9:7d:7c', '90:76:9f:88:5e:a3']",377102202690438634882293114733374292792,6002,0,0,0,1,0,1,1,1,0,1,1,1,0,0,1,0,1
220941,0,"['192.168.1.153', 25928, '111.231.83.208', 3478, 17]",760,0,10,"['90:76:9f:50:27:d9', '90:76:9f:88:5e:a3']",424888797690171952551024243875766156505,3478,0,0,0,0,1,1,0,1,1,0,0,1,0,1,1,0,1
169469,0,"['192.168.1.148', 39037, '180.97.123.223', 6002, 17]",2065,0,10,"['68:6d:bc:a9:7d:7c', '90:76:9f:88:5e:a3']",618993113268742337169441642324785411795,6002,0,0,0,1,0,1,1,1,0,1,1,1,0,0,1,0,1
213218,0,"['192.168.1.153', 18830, '212.64.65.187', 3478, 17]",760,0,10,"['90:76:9f:50:27:d9', '90:76:9f:88:5e:a3']",214373738720214810694088185592957498983,3478,0,0,0,0,1,1,0,1,1,0,0,1,0,1,1,0,1
159394,0,"['192.168.1.148', 48714, '180.97.123.223', 6002, 17]",2065,0,10,"['68:6d:bc:a9:7d:7c', '90:76:9f:88:5e:a3']",589454091824375047149847791839966305339,6002,0,0,0,1,0,1,1,1,0,1,1,1,0,0,1,0,1
5038,0,"['118.26.252.214', 8053, '192.168.1.166', 35210, 17]",804,0,7,"['90:76:9f:88:5e:a3', '54:ef:44:cd:42:95']",385372050532012179505260243373836167152,8053,0,0,0,1,1,1,1,1,0,1,1,1,0,1,0,1,1
164491,0,"['192.168.1.148', 53677, '180.97.123.223', 6002, 17]",2065,0,10,"['68:6d:bc:a9:7d:7c', '90:76:9f:88:5e:a3']",525695482430905843438691539150658831362,6002,0,0,0,1,0,1,1,1,0,1,1,1,0,0,1,0,1
213246,0,"['192.168.1.153', 26549, '212.64.65.187', 3478, 17]",912,0,12,"['90:76:9f:50:27:d9', '90:76:9f:88:5e:a3']",252080189614426453168529842959922095793,3478,0,0,0,0,1,1,0,1,1,0,0,1,0,1,1,0,1
214517,0,"['192.168.1.153', 19807, '118.25.112.63', 3478, 17]",760,0,10,"['90:76:9f:50:27:d9', '90:76:9f:88:5e:a3']",82943856158933662016181959301148291764,3478,0,0,0,0,1,1,0,1,1,0,0,1,0,1,1,0,1
11739,0,"['118.26.252.214', 8053, '192.168.1.166', 35210, 17]",804,0,7,"['90:76:9f:88:5e:a3', '54:ef:44:cd:42:95']",385372050532012179505260243373836167152,8053,0,0,0,1,1,1,1,1,0,1,1,1,0,1,0,1,1
219627,0,"['192.168.1.153', 17994, '118.25.112.63', 3478, 17]",912,0,12,"['90:76:9f:50:27:d9', '90:76:9f:88:5e:a3']",245263400748188533805451688389926737231,3478,0,0,0,0,1,1,0,1,1,0,0,1,0,1,1,0,1
206900,0,"['192.168.1.153', 17989, '118.25.112.63', 3478, 17]",760,0,10,"['90:76:9f:50:27:d9', '90:76:9f:88:5e:a3']",342396912585997763728540015591018736153,3478,0,0,0,0,1,1,0,1,1,0,0,1,0,1,1,0,1
159223,0,"['192.168.1.148', 52516, '180.97.123.223', 6002, 17]",2065,0,10,"['68:6d:bc:a9:7d:7c', '90:76:9f:88:5e:a3']",390263993359208888488723561960691714060,6002,0,0,0,1,0,1,1,1,0,1,1,1,0,0,1,0,1
164293,0,"['192.168.1.148', 56095, '180.97.123.223', 6002, 17]",2065,0,10,"['68:6d:bc:a9:7d:7c', '90:76:9f:88:5e:a3']",418074210044747493187551970565911530005,6002,0,0,0,1,0,1,1,1,0,1,1,1,0,0,1,0,1
82968,0,"['192.168.1.199', 60533, '192.168.1.1', 53, 17]",704,0,8,"['b0:f8:93:42:22:bf', '90:76:9f:88:5e:a3']",350063080006737086596059598381702062164,53,0,0,0,0,0,0,0,0,0,0,1,1,0,1,0,1,1
4391,0,"['118.26.252.214', 8053, '192.168.1.166', 35210, 17]",932,0,3,"['90:76:9f:88:5e:a3', '54:ef:44:cd:42:95']",385372050532012179505260243373836167152,8053,0,0,0,1,1,1,1,1,0,1,1,1,0,1,0,1,1
206380,0,"['192.168.1.153', 31627, '118.25.112.63', 3478, 17]",760,0,10,"['90:76:9f:50:27:d9', '90:76:9f:88:5e:a3']",269541236419553422634698232329373862140,3478,0,0,0,0,1,1,0,1,1,0,0,1,0,1,1,0,1
219320,0,"['192.168.1.153', 29692, '118.25.112.63', 3478, 17]",760,0,10,"['90:76:9f:50:27:d9', '90:76:9f:88:5e:a3']",412326217889204242345445502845595228890,3478,0,0,0,0,1,1,0,1,1,0,0,1,0,1,1,0,1
164074,0,"['192.168.1.148', 40430, '180.97.123.223', 6002, 17]",2065,0,10,"['68:6d:bc:a9:7d:7c', '90:76:9f:88:5e:a3']",647760217074128105071824494696038745241,6002,0,0,0,1,0,1,1,1,0,1,1,1,0,0,1,0,1
169666,0,"['192.168.1.148', 45642, '180.97.123.223', 6002, 17]",2065,0,10,"['68:6d:bc:a9:7d:7c', '90:76:9f:88:5e:a3']",499343296999976949705720157488314227062,6002,0,0,0,1,0,1,1,1,0,1,1,1,0,0,1,0,1
19134,0,"['192.168.1.166', 35210, '118.26.252.214', 8053, 17]",892,0,5,"['54:ef:44:cd:42:95', '90:76:9f:88:5e:a3']",385372050532012179505260243373836167152,8053,0,0,0,1,1,1,1,1,0,1,1,1,0,1,0,1,1
169639,0,"['192.168.1.148', 51705, '180.97.123.223', 6002, 17]",2065,0,10,"['68:6d:bc:a9:7d:7c', '90:76:9f:88:5e:a3']",549787144402791644367833742239811166544,6002,0,0,0,1,0,1,1,1,0,1,1,1,0,0,1,0,1
26895,0,"['118.26.252.214', 8053, '192.168.1.166', 35210, 17]",948,0,3,"['90:76:9f:88:5e:a3', '54:ef:44:cd:42:95']",385372050532012179505260243373836167152,8053,0,0,0,1,1,1,1,1,0,1,1,1,0,1,0,1,1
174958,0,"['192.168.1.148', 58675, '180.97.123.223', 6002, 17]",2065,0,10,"['68:6d:bc:a9:7d:7c', '90:76:9f:88:5e:a3']",472916195951332259655697157975585422800,6002,0,0,0,1,0,1,1,1,0,1,1,1,0,0,1,0,1
164167,0,"['192.168.1.148', 54838, '180.97.123.223', 6002, 17]",2065,0,10,"['68:6d:bc:a9:7d:7c', '90:76:9f:88:5e:a3']",458105587998010891098472133412983269971,6002,0,0,0,1,0,1,1,1,0,1,1,1,0,0,1,0,1
26594,0,"['192.168.1.166', 35210, '118.26.252.214', 8053, 17]",892,0,5,"['54:ef:44:cd:42:95', '90:76:9f:88:5e:a3']",385372050532012179505260243373836167152,8053,0,0,0,1,1,1,1,1,0,1,1,1,0,1,0,1,1
3395,0,"['118.26.252.214', 8053, '192.168.1.166', 35210, 17]",948,0,7,"['90:76:9f:88:5e:a3', '54:ef:44:cd:42:95']",385372050532012179505260243373836167152,8053,0,0,0,1,1,1,1,1,0,1,1,1,0,1,0,1,1
206846,0,"['192.168.1.153', 31694, '118.25.112.63', 3478, 17]",760,0,10,"['90:76:9f:50:27:d9', '90:76:9f:88:5e:a3']",297133057440149777050328548761676947081,3478,0,0,0,0,1,1,0,1,1,0,0,1,0,1,1,0,1
159392,0,"['192.168.1.148', 53195, '180.97.123.223', 6002, 17]",2065,0,10,"['68:6d:bc:a9:7d:7c', '90:76:9f:88:5e:a3']",554322556548492057740250118906487303137,6002,0,0,0,1,0,1,1,1,0,1,1,1,0,0,1,0,1
169768,0,"['192.168.1.148', 55991, '180.97.123.223', 6002, 17]",2065,0,10,"['68:6d:bc:a9:7d:7c', '90:76:9f:88:5e:a3']",546447954409101953707380664603787039184,6002,0,0,0,1,0,1,1,1,0,1,1,1,0,0,1,0,1
159258,0,"['192.168.1.148', 55180, '180.97.123.223', 6002, 17]",2065,0,10,"['68:6d:bc:a9:7d:7c', '90:76:9f:88:5e:a3']",375756285692537209417407982100012776112,6002,0,0,0,1,0,1,1,1,0,1,1,1,0,0,1,0,1
169421,0,"['192.168.1.148', 53891, '180.97.123.223', 6002, 17]",2065,0,10,"['68:6d:bc:a9:7d:7c', '90:76:9f:88:5e:a3']",494846476913237849943686135701124310794,6002,0,0,0,1,0,1,1,1,0,1,1,1,0,0,1,0,1
219170,0,"['192.168.1.153', 17566, '118.25.112.63', 3478, 17]",784,0,14,"['90:76:9f:50:27:d9', '90:76:9f:88:5e:a3']",349807213672224422211073495350372130536,3478,0,0,0,0,1,1,0,1,1,0,0,1,0,1,1,0,1
24458,0,"['192.168.1.166', 35210, '118.26.252.214', 8053, 17]",892,0,5,"['54:ef:44:cd:42:95', '90:76:9f:88:5e:a3']",385372050532012179505260243373836167152,8053,0,0,0,1,1,1,1,1,0,1,1,1,0,1,0,1,1
4564,0,"['118.26.252.214', 8053, '192.168.1.166', 35210, 17]",804,0,7,"['90:76:9f:88:5e:a3', '54:ef:44:cd:42:95']",385372050532012179505260243373836167152,8053,0,0,0,1,1,1,1,1,0,1,1,1,0,1,0,1,1
7037,0,"['192.168.1.166', 35210, '118.26.252.214', 8053, 17]",892,0,5,"['54:ef:44:cd:42:95', '90:76:9f:88:5e:a3']",385372050532012179505260243373836167152,8053,0,0,0,1,1,1,1,1,0,1,1,1,0,1,0,1,1
175150,0,"['192.168.1.148', 44255, '180.97.123.223', 6002, 17]",2065,0,10,"['68:6d:bc:a9:7d:7c', '90:76:9f:88:5e:a3']",444285007014703562702999111239564866085,6002,0,0,0,1,0,1,1,1,0,1,1,1,0,0,1,0,1
174700,0,"['192.168.1.148', 53626, '180.97.123.223', 6002, 17]",2065,0,10,"['68:6d:bc:a9:7d:7c', '90:76:9f:88:5e:a3']",501720403654415015966126601525889455344,6002,0,0,0,1,0,1,1,1,0,1,1,1,0,0,1,0,1
82949,0,"['192.168.1.199', 60448, '192.168.1.1', 53, 17]",704,0,8,"['b0:f8:93:42:22:bf', '90:76:9f:88:5e:a3']",246016958780530480774694295027034890033,53,0,0,0,0,0,0,0,0,0,0,1,1,0,1,0,1,1
11298,0,"['118.26.252.214', 8053, '192.168.1.166', 35210, 17]",804,0,7,"['90:76:9f:88:5e:a3', '54:ef:44:cd:42:95']",385372050532012179505260243373836167152,8053,0,0,0,1,1,1,1,1,0,1,1,1,0,1,0,1,1
164466,0,"['192.168.1.148', 43154, '180.97.123.223', 6002, 17]",2065,0,10,"['68:6d:bc:a9:7d:7c', '90:76:9f:88:5e:a3']",609866675106788916364611012732687795184,6002,0,0,0,1,0,1,1,1,0,1,1,1,0,0,1,0,1
206464,0,"['192.168.1.153', 18408, '118.25.112.63', 3478, 17]",760,0,10,"['90:76:9f:50:27:d9', '90:76:9f:88:5e:a3']",159232816406428737709217750313887952811,3478,0,0,0,0,1,1,0,1,1,0,0,1,0,1,1,0,1
22272,0,"['118.26.252.214', 8053, '192.168.1.166', 35210, 17]",932,0,3,"['90:76:9f:88:5e:a3', '54:ef:44:cd:42:95']",385372050532012179505260243373836167152,8053,0,0,0,1,1,1,1,1,0,1,1,1,0,1,0,1,1
174673,0,"['192.168.1.148', 44257, '180.97.123.223', 6002, 17]",2065,0,10,"['68:6d:bc:a9:7d:7c', '90:76:9f:88:5e:a3']",645643609523479375966699543225156601452,6002,0,0,0,1,0,1,1,1,0,1,1,1,0,0,1,0,1
19007,0,"['118.26.252.214', 8053, '192.168.1.166', 35210, 17]",932,0,3,"['90:76:9f:88:5e:a3', '54:ef:44:cd:42:95']",385372050532012179505260243373836167152,8053,0,0,0,1,1,1,1,1,0,1,1,1,0,1,0,1,1
14685,0,"['192.168.1.166', 35210, '118.26.252.214', 8053, 17]",892,0,5,"['54:ef:44:cd:42:95', '90:76:9f:88:5e:a3']",385372050532012179505260243373836167152,8053,0,0,0,1,1,1,1,1,0,1,1,1,0,1,0,1,1
21683,0,"['192.168.1.166', 35210, '118.26.252.214', 8053, 17]",892,0,5,"['54:ef:44:cd:42:95', '90:76:9f:88:5e:a3']",385372050532012179505260243373836167152,8053,0,0,0,1,1,1,1,1,0,1,1,1,0,1,0,1,1
169718,0,"['192.168.1.148', 52807, '180.97.123.223', 6002, 17]",2065,0,10,"['68:6d:bc:a9:7d:7c', '90:76:9f:88:5e:a3']",522564494885782253987414724757027156870,6002,0,0,0,1,0,1,1,1,0,1,1,1,0,0,1,0,1
7708,0,"['192.168.1.166', 35210, '118.26.252.214', 8053, 17]",892,0,5,"['54:ef:44:cd:42:95', '90:76:9f:88:5e:a3']",385372050532012179505260243373836167152,8053,0,0,0,1,1,1,1,1,0,1,1,1,0,1,0,1,1
23780,0,"['118.26.252.214', 8053, '192.168.1.166', 35210, 17]",948,0,7,"['90:76:9f:88:5e:a3', '54:ef:44:cd:42:95']",385372050532012179505260243373836167152,8053,0,0,0,1,1,1,1,1,0,1,1,1,0,1,0,1,1
170486,0,"['192.168.1.109', 5353, '224.0.0.251', 5353, 17]",2169,0,9,"['54:ef:44:cd:f4:5d', '01:00:5e:00:00:fb']",271859567480451336615226599724279344811,5353,0,0,0,1,0,1,0,0,1,1,1,0,1,0,0,1,1
164297,0,"['192.168.1.148', 46088, '180.97.123.223', 6002, 17]",2065,0,10,"['68:6d:bc:a9:7d:7c', '90:76:9f:88:5e:a3']",456121707031651894375533526682125108856,6002,0,0,0,1,0,1,1,1,0,1,1,1,0,0,1,0,1
207810,0,"['192.168.1.153', 23445, '212.64.65.187', 3478, 17]",760,0,10,"['90:76:9f:50:27:d9', '90:76:9f:88:5e:a3']",186659329886724352939408412937940756326,3478,0,0,0,0,1,1,0,1,1,0,0,1,0,1,1,0,1
220025,0,"['192.168.1.153', 16616, '118.25.112.63', 3478, 17]",760,0,10,"['90:76:9f:50:27:d9', '90:76:9f:88:5e:a3']",236080291857172672015564841896047045321,3478,0,0,0,0,1,1,0,1,1,0,0,1,0,1,1,0,1
164349,0,"['192.168.1.148', 35275, '180.97.123.223', 6002, 17]",2065,0,10,"['68:6d:bc:a9:7d:7c', '90:76:9f:88:5e:a3']",655989944895776921787013274623907293507,6002,0,0,0,1,0,1,1,1,0,1,1,1,0,0,1,0,1
174887,0,"['192.168.1.148', 53703, '180.97.123.223', 6002, 17]",2065,0,10,"['68:6d:bc:a9:7d:7c', '90:76:9f:88:5e:a3']",364320438088953809913041324340069139412,6002,0,0,0,1,0,1,1,1,0,1,1,1,0,0,1,0,1
213144,0,"['192.168.1.153', 26565, '212.64.65.187', 3478, 17]",760,0,10,"['90:76:9f:50:27:d9', '90:76:9f:88:5e:a3']",404402756041110349522151335204621031563,3478,0,0,0,0,1,1,0,1,1,0,0,1,0,1,1,0,1
158259,0,"['192.168.1.148', 50077, '180.97.123.223', 6002, 17]",2065,0,10,"['68:6d:bc:a9:7d:7c', '90:76:9f:88:5e:a3']",582590975655478714765552086944515844275,6002,0,0,0,1,0,1,1,1,0,1,1,1,0,0,1,0,1
207641,0,"['192.168.1.153', 19722, '212.64.65.187', 3478, 17]",760,0,10,"['90:76:9f:50:27:d9', '90:76:9f:88:5e:a3']",186597561164504692286269801125734346987,3478,0,0,0,0,1,1,0,1,1,0,0,1,0,1,1,0,1
218942,0,"['192.168.1.153', 32055, '118.25.112.63', 3478, 17]",760,0,10,"['90:76:9f:50:27:d9', '90:76:9f:88:5e:a3']",153135055455986791877358293578553325821,3478,0,0,0,0,1,1,0,1,1,0,0,1,0,1,1,0,1
164113,0,"['192.168.1.148', 49524, '180.97.123.223', 6002, 17]",2065,0,10,"['68:6d:bc:a9:7d:7c', '90:76:9f:88:5e:a3']",387892716747769529239194298233748154356,6002,0,0,0,1,0,1,1,1,0,1,1,1,0,0,1,0,1
111530,0,"['192.168.1.147', 49815, '192.168.1.171', 43549, 17]",896,0,8,"['b0:59:47:a2:b2:ab', 'a0:a4:c5:63:ba:c3']",286960388314565738208057924693753248639,43549,1,0,1,0,1,0,1,0,0,0,0,1,1,1,0,1,1
22448,0,"['192.168.1.166', 35210, '118.26.252.214', 8053, 17]",892,0,5,"['54:ef:44:cd:42:95', '90:76:9f:88:5e:a3']",385372050532012179505260243373836167152,8053,0,0,0,1,1,1,1,1,0,1,1,1,0,1,0,1,1
158810,0,"['192.168.1.148', 55377, '180.97.123.223', 6002, 17]",2065,0,10,"['68:6d:bc:a9:7d:7c', '90:76:9f:88:5e:a3']",587639790116485124341393364045322040703,6002,0,0,0,1,0,1,1,1,0,1,1,1,0,0,1,0,1
207839,0,"['192.168.1.153', 23783, '212.64.65.187', 3478, 17]",760,0,10,"['90:76:9f:50:27:d9', '90:76:9f:88:5e:a3']",365131361246367730811428114878665150404,3478,0,0,0,0,1,1,0,1,1,0,0,1,0,1,1,0,1
159088,0,"['192.168.1.148', 42810, '180.97.123.223', 6002, 17]",2065,0,10,"['68:6d:bc:a9:7d:7c', '90:76:9f:88:5e:a3']",376626177659817824156453420633646366875,6002,0,0,0,1,0,1,1,1,0,1,1,1,0,0,1,0,1
23647,0,"['118.26.252.214', 8053, '192.168.1.166', 35210, 17]",804,0,7,"['90:76:9f:88:5e:a3', '54:ef:44:cd:42:95']",385372050532012179505260243373836167152,8053,0,0,0,1,1,1,1,1,0,1,1,1,0,1,0,1,1
68,0,"['118.26.252.214', 8053, '192.168.1.166', 35210, 17]",932,0,3,"['90:76:9f:88:5e:a3', '54:ef:44:cd:42:95']",385372050532012179505260243373836167152,8053,0,0,0,1,1,1,1,1,0,1,1,1,0,1,0,1,1
169608,0,"['192.168.1.148', 56838, '180.97.123.223', 6002, 17]",2065,0,10,"['68:6d:bc:a9:7d:7c', '90:76:9f:88:5e:a3']",508607420777969662748394010837756057514,6002,0,0,0,1,0,1,1,1,0,1,1,1,0,0,1,0,1
15648,0,"['192.168.1.166', 35210, '118.26.252.214', 8053, 17]",892,0,5,"['54:ef:44:cd:42:95', '90:76:9f:88:5e:a3']",385372050532012179505260243373836167152,8053,0,0,0,1,1,1,1,1,0,1,1,1,0,1,0,1,1
158955,0,"['192.168.1.148', 43771, '180.97.123.223', 6002, 17]",2065,0,10,"['68:6d:bc:a9:7d:7c', '90:76:9f:88:5e:a3']",431548537574082285797241845741742037472,6002,0,0,0,1,0,1,1,1,0,1,1,1,0,0,1,0,1
164355,0,"['192.168.1.148', 43477, '180.97.123.223', 6002, 17]",2065,0,10,"['68:6d:bc:a9:7d:7c', '90:76:9f:88:5e:a3']",343573747747618189101663336709895910411,6002,0,0,0,1,0,1,1,1,0,1,1,1,0,0,1,0,1
159302,0,"['192.168.1.148', 42007, '180.97.123.223', 6002, 17]",2065,0,10,"['68:6d:bc:a9:7d:7c', '90:76:9f:88:5e:a3']",461943118688272514304389212648542379735,6002,0,0,0,1,0,1,1,1,0,1,1,1,0,0,1,0,1
107328,0,"['192.168.1.199', 57371, '192.168.1.1', 53, 17]",704,0,8,"['b0:f8:93:42:22:bf', '90:76:9f:88:5e:a3']",263542141295520920580541289734839541337,53,0,0,0,0,0,0,0,0,0,0,1,1,0,1,0,1,1
13646,0,"['118.26.252.214', 8053, '192.168.1.166', 35210, 17]",948,0,3,"['90:76:9f:88:5e:a3', '54:ef:44:cd:42:95']",385372050532012179505260243373836167152,8053,0,0,0,1,1,1,1,1,0,1,1,1,0,1,0,1,1
169633,0,"['192.168.1.148', 34834, '180.97.123.223', 6002, 17]",2065,0,10,"['68:6d:bc:a9:7d:7c', '90:76:9f:88:5e:a3']",569203057141214864683106612333785900503,6002,0,0,0,1,0,1,1,1,0,1,1,1,0,0,1,0,1
219252,0,"['192.168.1.153', 21637, '118.25.112.63', 3478, 17]",912,0,12,"['90:76:9f:50:27:d9', '90:76:9f:88:5e:a3']",246142995906879734997129151872935346927,3478,0,0,0,0,1,1,0,1,1,0,0,1,0,1,1,0,1
207213,0,"['192.168.1.153', 23022, '118.25.112.63', 3478, 17]",784,0,14,"['90:76:9f:50:27:d9', '90:76:9f:88:5e:a3']",364794167808224834481902161563242613512,3478,0,0,0,0,1,1,0,1,1,0,0,1,0,1,1,0,1
24869,0,"['192.168.1.166', 35210, '118.26.252.214', 8053, 17]",892,0,5,"['54:ef:44:cd:42:95', '90:76:9f:88:5e:a3']",385372050532012179505260243373836167152,8053,0,0,0,1,1,1,1,1,0,1,1,1,0,1,0,1,1
221149,0,"['192.168.1.153', 22317, '111.231.83.208', 3478, 17]",912,0,12,"['90:76:9f:50:27:d9', '90:76:9f:88:5e:a3']",377602056983267400354246525267899887048,3478,0,0,0,0,1,1,0,1,1,0,0,1,0,1,1,0,1
134358,0,"['192.168.1.199', 4662, '192.168.1.1', 53, 17]",704,0,8,"['b0:f8:93:42:22:bf', '90:76:9f:88:5e:a3']",132498455364581312315635151760313129793,53,0,0,0,0,0,0,0,0,0,0,1,1,0,1,0,1,1
219832,0,"['192.168.1.153', 32172, '118.25.112.63', 3478, 17]",912,0,12,"['90:76:9f:50:27:d9', '90:76:9f:88:5e:a3']",179163929149240326330279201617376223879,3478,0,0,0,0,1,1,0,1,1,0,0,1,0,1,1,0,1
24267,0,"['118.26.252.214', 8053, '192.168.1.166', 35210, 17]",804,0,7,"['90:76:9f:88:5e:a3', '54:ef:44:cd:42:95']",385372050532012179505260243373836167152,8053,0,0,0,1,1,1,1,1,0,1,1,1,0,1,0,1,1
159096,0,"['192.168.1.148', 56755, '180.97.123.223', 6002, 17]",2065,0,10,"['68:6d:bc:a9:7d:7c', '90:76:9f:88:5e:a3']",588835824198832106589743891870218187037,6002,0,0,0,1,0,1,1,1,0,1,1,1,0,0,1,0,1
159351,0,"['192.168.1.148', 60134, '180.97.123.223', 6002, 17]",2065,0,10,"['68:6d:bc:a9:7d:7c', '90:76:9f:88:5e:a3']",388757446644842378235843599845628097942,6002,0,0,0,1,0,1,1,1,0,1,1,1,0,0,1,0,1
174661,0,"['192.168.1.148', 39586, '180.97.123.223', 6002, 17]",2065,0,10,"['68:6d:bc:a9:7d:7c', '90:76:9f:88:5e:a3']",400780188706987375268867375797767566457,6002,0,0,0,1,0,1,1,1,0,1,1,1,0,0,1,0,1
213137,0,"['192.168.1.153', 32366, '212.64.65.187', 3478, 17]",760,0,10,"['90:76:9f:50:27:d9', '90:76:9f:88:5e:a3']",400665614205013546936187330598485922163,3478,0,0,0,0,1,1,0,1,1,0,0,1,0,1,1,0,1
10755,0,"['118.26.252.214', 8053, '192.168.1.166', 35210, 17]",916,0,7,"['90:76:9f:88:5e:a3', '54:ef:44:cd:42:95']",385372050532012179505260243373836167152,8053,0,0,0,1,1,1,1,1,0,1,1,1,0,1,0,1,1
174619,0,"['192.168.1.148', 50566, '180.97.123.223', 6002, 17]",2065,0,10,"['68:6d:bc:a9:7d:7c', '90:76:9f:88:5e:a3']",633874226913842942087052573240007093243,6002,0,0,0,1,0,1,1,1,0,1,1,1,0,0,1,0,1
169627,0,"['192.168.1.148', 46042, '180.97.123.223', 6002, 17]",2065,0,10,"['68:6d:bc:a9:7d:7c', '90:76:9f:88:5e:a3']",514239035437463098609916707046656579863,6002,0,0,0,1,0,1,1,1,0,1,1,1,0,0,1,0,1
169571,0,"['192.168.1.148', 53320, '180.97.123.223', 6002, 17]",2065,0,10,"['68:6d:bc:a9:7d:7c', '90:76:9f:88:5e:a3']",407448091452758894977762511640577251980,6002,0,0,0,1,0,1,1,1,0,1,1,1,0,0,1,0,1
159376,0,"['192.168.1.148', 54398, '180.97.123.223', 6002, 17]",2065,0,10,"['68:6d:bc:a9:7d:7c', '90:76:9f:88:5e:a3']",416313629910406847428347137468644430409,6002,0,0,0,1,0,1,1,1,0,1,1,1,0,0,1,0,1
169673,0,"['192.168.1.148', 59394, '180.97.123.223', 6002, 17]",2065,0,10,"['68:6d:bc:a9:7d:7c', '90:76:9f:88:5e:a3']",537816428442006160853540806385563188095,6002,0,0,0,1,0,1,1,1,0,1,1,1,0,0,1,0,1
220871,0,"['192.168.1.153', 31102, '111.231.83.208', 3478, 17]",760,0,10,"['90:76:9f:50:27:d9', '90:76:9f:88:5e:a3']",374927933777946702937476562599677520517,3478,0,0,0,0,1,1,0,1,1,0,0,1,0,1,1,0,1
15082,0,"['118.26.252.214', 8053, '192.168.1.166', 35210, 17]",932,0,3,"['90:76:9f:88:5e:a3', '54:ef:44:cd:42:95']",385372050532012179505260243373836167152,8053,0,0,0,1,1,1,1,1,0,1,1,1,0,1,0,1,1
169461,0,"['192.168.1.148', 55439, '180.97.123.223', 6002, 17]",2065,0,10,"['68:6d:bc:a9:7d:7c', '90:76:9f:88:5e:a3']",606041396447619790914478587850925536930,6002,0,0,0,1,0,1,1,1,0,1,1,1,0,0,1,0,1
11501,0,"['118.26.252.214', 8053, '192.168.1.166', 35210, 17]",884,0,7,"['90:76:9f:88:5e:a3', '54:ef:44:cd:42:95']",385372050532012179505260243373836167152,8053,0,0,0,1,1,1,1,1,0,1,1,1,0,1,0,1,1
164661,0,"['192.168.1.148', 56274, '180.97.123.223', 6002, 17]",2065,0,10,"['68:6d:bc:a9:7d:7c', '90:76:9f:88:5e:a3']",337391739637678506743375804417499382560,6002,0,0,0,1,0,1,1,1,0,1,1,1,0,0,1,0,1
214066,0,"['192.168.1.153', 32536, '118.25.112.63', 3478, 17]",784,0,14,"['90:76:9f:50:27:d9', '90:76:9f:88:5e:a3']",354629270353555787046661028137707662682,3478,0,0,0,0,1,1,0,1,1,0,0,1,0,1,1,0,1
7517,0,"['192.168.1.166', 35210, '118.26.252.214', 8053, 17]",892,0,5,"['54:ef:44:cd:42:95', '90:76:9f:88:5e:a3']",385372050532012179505260243373836167152,8053,0,0,0,1,1,1,1,1,0,1,1,1,0,1,0,1,1
5491,0,"['118.26.252.214', 8053, '192.168.1.166', 35210, 17]",932,0,3,"['90:76:9f:88:5e:a3', '54:ef:44:cd:42:95']",385372050532012179505260243373836167152,8053,0,0,0,1,1,1,1,1,0,1,1,1,0,1,0,1,1
213696,0,"['192.168.1.153', 28100, '212.64.65.187', 3478, 17]",760,0,10,"['90:76:9f:50:27:d9', '90:76:9f:88:5e:a3']",369098716367739829872713732390475228747,3478,0,0,0,0,1,1,0,1,1,0,0,1,0,1,1,0,1
61767,0,"['192.168.1.199', 61054, '192.168.1.1', 53, 17]",704,0,8,"['b0:f8:93:42:22:bf', '90:76:9f:88:5e:a3']",368002370977210497560584806469561559068,53,0,0,0,0,0,0,0,0,0,0,1,1,0,1,0,1,1
107595,0,"['192.168.1.199', 57212, '192.168.1.1', 53, 17]",880,0,10,"['b0:f8:93:42:22:bf', '90:76:9f:88:5e:a3']",247073679890573549648586201315307174043,53,0,0,0,0,0,0,0,0,0,0,1,1,0,1,0,1,1
169332,0,"['192.168.1.148', 46485, '180.97.123.223', 6002, 17]",2065,0,10,"['68:6d:bc:a9:7d:7c', '90:76:9f:88:5e:a3']",662200211850488562711121296103018465626,6002,0,0,0,1,0,1,1,1,0,1,1,1,0,0,1,0,1
169754,0,"['192.168.1.148', 46651, '180.97.123.223', 6002, 17]",2065,0,10,"['68:6d:bc:a9:7d:7c', '90:76:9f:88:5e:a3']",354457536905750840452260809034053561702,6002,0,0,0,1,0,1,1,1,0,1,1,1,0,0,1,0,1
220328,0,"['192.168.1.153', 26012, '118.25.112.63', 3478, 17]",760,0,10,"['90:76:9f:50:27:d9', '90:76:9f:88:5e:a3']",408175865449678715772473319952738781268,3478,0,0,0,0,1,1,0,1,1,0,0,1,0,1,1,0,1
1294,0,"['192.168.1.166', 35210, '118.26.252.214', 8053, 17]",892,0,5,"['54:ef:44:cd:42:95', '90:76:9f:88:5e:a3']",385372050532012179505260243373836167152,8053,0,0,0,1,1,1,1,1,0,1,1,1,0,1,0,1,1
220846,0,"['192.168.1.153', 25979, '118.89.67.97', 3479, 17]",760,0,10,"['90:76:9f:50:27:d9', '90:76:9f:88:5e:a3']",492427140845237083916425711696516596757,3479,0,0,0,0,1,1,0,1,1,0,0,1,0,1,1,1,1
164220,0,"['192.168.1.148', 43167, '180.97.123.223', 6002, 17]",2065,0,10,"['68:6d:bc:a9:7d:7c', '90:76:9f:88:5e:a3']",465387006834584026278284401487069413373,6002,0,0,0,1,0,1,1,1,0,1,1,1,0,0,1,0,1
214481,0,"['192.168.1.153', 17439, '118.25.112.63', 3478, 17]",912,0,12,"['90:76:9f:50:27:d9', '90:76:9f:88:5e:a3']",237945610382039140106027104708217185797,3478,0,0,0,0,1,1,0,1,1,0,0,1,0,1,1,0,1
159384,0,"['192.168.1.148', 58610, '180.97.123.223', 6002, 17]",2065,0,10,"['68:6d:bc:a9:7d:7c', '90:76:9f:88:5e:a3']",363085997375549650215585194439394651752,6002,0,0,0,1,0,1,1,1,0,1,1,1,0,0,1,0,1
175006,0,"['192.168.1.148', 48594, '180.97.123.223', 6002, 17]",2065,0,10,"['68:6d:bc:a9:7d:7c', '90:76:9f:88:5e:a3']",581601080209725082806949146606034032428,6002,0,0,0,1,0,1,1,1,0,1,1,1,0,0,1,0,1
220412,0,"['118.25.112.63', 3478, '192.168.1.153', 30766, 17]",856,0,11,"['90:76:9f:88:5e:a3', '90:76:9f:50:27:d9']",302885333070570689041363845269756397643,3478,0,0,0,0,1,1,0,1,1,0,0,1,0,1,1,0,1
159204,0,"['192.168.1.148', 37842, '180.97.123.223', 6002, 17]",2065,0,10,"['68:6d:bc:a9:7d:7c', '90:76:9f:88:5e:a3']",570726253076086778527292492007548387584,6002,0,0,0,1,0,1,1,1,0,1,1,1,0,0,1,0,1
164316,0,"['192.168.1.148', 39009, '180.97.123.223', 6002, 17]",2065,0,10,"['68:6d:bc:a9:7d:7c', '90:76:9f:88:5e:a3']",389691215849927023568380878866211214464,6002,0,0,0,1,0,1,1,1,0,1,1,1,0,0,1,0,1
134343,0,"['192.168.1.199', 5052, '192.168.1.1', 53, 17]",704,0,8,"['b0:f8:93:42:22:bf', '90:76:9f:88:5e:a3']",174985303117846097130796957746949181405,53,0,0,0,0,0,0,0,0,0,0,1,1,0,1,0,1,1
174683,0,"['192.168.1.148', 43330, '180.97.123.223', 6002, 17]",2065,0,10,"['68:6d:bc:a9:7d:7c', '90:76:9f:88:5e:a3']",547483877579405577139159809505020111385,6002,0,0,0,1,0,1,1,1,0,1,1,1,0,0,1,0,1
175020,0,"['192.168.1.148', 40367, '180.97.123.223', 6002, 17]",2065,0,10,"['68:6d:bc:a9:7d:7c', '90:76:9f:88:5e:a3']",462877957267429609436909269131334907516,6002,0,0,0,1,0,1,1,1,0,1,1,1,0,0,1,0,1
134329,0,"['192.168.1.199', 4879, '192.168.1.1', 53, 17]",704,0,8,"['b0:f8:93:42:22:bf', '90:76:9f:88:5e:a3']",250952102295674567925582341751408884153,53,0,0,0,0,0,0,0,0,0,0,1,1,0,1,0,1,1
169434,0,"['192.168.1.148', 50655, '180.97.123.223', 6002, 17]",2065,0,10,"['68:6d:bc:a9:7d:7c', '90:76:9f:88:5e:a3']",413317127309997913016350329328070261017,6002,0,0,0,1,0,1,1,1,0,1,1,1,0,0,1,0,1
158922,0,"['192.168.1.148', 47565, '180.97.123.223', 6002, 17]",2065,0,10,"['68:6d:bc:a9:7d:7c', '90:76:9f:88:5e:a3']",641944477317644272240641377974510553011,6002,0,0,0,1,0,1,1,1,0,1,1,1,0,0,1,0,1
159374,0,"['192.168.1.148', 38044, '180.97.123.223', 6002, 17]",2065,0,10,"['68:6d:bc:a9:7d:7c', '90:76:9f:88:5e:a3']",551870146093067058740882219769836259435,6002,0,0,0,1,0,1,1,1,0,1,1,1,0,0,1,0,1
6186,0,"['118.26.252.214', 8053, '192.168.1.166', 35210, 17]",948,0,3,"['90:76:9f:88:5e:a3', '54:ef:44:cd:42:95']",385372050532012179505260243373836167152,8053,0,0,0,1,1,1,1,1,0,1,1,1,0,1,0,1,1
174769,0,"['192.168.1.148', 57064, '180.97.123.223', 6002, 17]",2065,0,10,"['68:6d:bc:a9:7d:7c', '90:76:9f:88:5e:a3']",444210845527466346561678576382107283700,6002,0,0,0,1,0,1,1,1,0,1,1,1,0,0,1,0,1
164059,0,"['192.168.1.148', 59871, '180.97.123.223', 6002, 17]",2065,0,10,"['68:6d:bc:a9:7d:7c', '90:76:9f:88:5e:a3']",358589288836657216494067604636188192889,6002,0,0,0,1,0,1,1,1,0,1,1,1,0,0,1,0,1
174854,0,"['192.168.1.148', 38615, '180.97.123.223', 6002, 17]",2065,0,10,"['68:6d:bc:a9:7d:7c', '90:76:9f:88:5e:a3']",390978840476159556516804570690309898750,6002,0,0,0,1,0,1,1,1,0,1,1,1,0,0,1,0,1
159304,0,"['192.168.1.148', 60294, '180.97.123.223', 6002, 17]",2065,0,10,"['68:6d:bc:a9:7d:7c', '90:76:9f:88:5e:a3']",348471385824190349627471312656635932678,6002,0,0,0,1,0,1,1,1,0,1,1,1,0,0,1,0,1
159113,0,"['192.168.1.148', 52023, '180.97.123.223', 6002, 17]",2065,0,10,"['68:6d:bc:a9:7d:7c', '90:76:9f:88:5e:a3']",569620389042275077854978250024137651257,6002,0,0,0,1,0,1,1,1,0,1,1,1,0,0,1,0,1
169799,0,"['192.168.1.148', 51476, '180.97.123.223', 6002, 17]",2065,0,10,"['68:6d:bc:a9:7d:7c', '90:76:9f:88:5e:a3']",568316055636342031609155255865562099648,6002,0,0,0,1,0,1,1,1,0,1,1,1,0,0,1,0,1
169382,0,"['192.168.1.148', 41885, '180.97.123.223', 6002, 17]",2065,0,10,"['68:6d:bc:a9:7d:7c', '90:76:9f:88:5e:a3']",357283896770379860148401180019521383351,6002,0,0,0,1,0,1,1,1,0,1,1,1,0,0,1,0,1
164312,0,"['192.168.1.148', 56556, '180.97.123.223', 6002, 17]",2065,0,10,"['68:6d:bc:a9:7d:7c', '90:76:9f:88:5e:a3']",380597543618654372568999006226680523715,6002,0,0,0,1,0,1,1,1,0,1,1,1,0,0,1,0,1
24138,0,"['118.26.252.214', 8053, '192.168.1.166', 35210, 17]",804,0,7,"['90:76:9f:88:5e:a3', '54:ef:44:cd:42:95']",385372050532012179505260243373836167152,8053,0,0,0,1,1,1,1,1,0,1,1,1,0,1,0,1,1
159279,0,"['192.168.1.148', 37239, '180.97.123.223', 6002, 17]",2065,0,10,"['68:6d:bc:a9:7d:7c', '90:76:9f:88:5e:a3']",355620775164018983041625248058667706573,6002,0,0,0,1,0,1,1,1,0,1,1,1,0,0,1,0,1
174790,0,"['192.168.1.148', 39136, '180.97.123.223', 6002, 17]",2065,0,10,"['68:6d:bc:a9:7d:7c', '90:76:9f:88:5e:a3']",600462131279244506859919202059027714146,6002,0,0,0,1,0,1,1,1,0,1,1,1,0,0,1,0,1
164460,0,"['192.168.1.148', 37663, '180.97.123.223', 6002, 17]",2065,0,10,"['68:6d:bc:a9:7d:7c', '90:76:9f:88:5e:a3']",620727792594473745719794510167280638979,6002,0,0,0,1,0,1,1,1,0,1,1,1,0,0,1,0,1
164347,0,"['192.168.1.148', 40620, '180.97.123.223', 6002, 17]",2065,0,10,"['68:6d:bc:a9:7d:7c', '90:76:9f:88:5e:a3']",634571140358608429553255668493364385624,6002,0,0,0,1,0,1,1,1,0,1,1,1,0,0,1,0,1
61746,0,"['192.168.1.199', 9497, '192.168.1.1', 53, 17]",704,0,8,"['b0:f8:93:42:22:bf', '90:76:9f:88:5e:a3']",225600553924484351499648811332113511837,53,0,0,0,0,0,0,0,0,0,0,1,1,0,1,0,1,1
220339,0,"['192.168.1.153', 17807, '118.25.112.63', 3478, 17]",912,0,12,"['90:76:9f:50:27:d9', '90:76:9f:88:5e:a3']",292083396421507278351346587290369442939,3478,0,0,0,0,1,1,0,1,1,0,0,1,0,1,1,0,1
169538,0,"['192.168.1.148', 35322, '180.97.123.223', 6002, 17]",2065,0,10,"['68:6d:bc:a9:7d:7c', '90:76:9f:88:5e:a3']",366530597080796797123074763467756489757,6002,0,0,0,1,0,1,1,1,0,1,1,1,0,0,1,0,1
164668,0,"['192.168.1.148', 50582, '180.97.123.223', 6002, 17]",2065,0,10,"['68:6d:bc:a9:7d:7c', '90:76:9f:88:5e:a3']",377974677349415983770203907640786155122,6002,0,0,0,1,0,1,1,1,0,1,1,1,0,0,1,0,1
169324,0,"['192.168.1.148', 37995, '180.97.123.223', 6002, 17]",2065,0,10,"['68:6d:bc:a9:7d:7c', '90:76:9f:88:5e:a3']",331980616358631644840876107005370996001,6002,0,0,0,1,0,1,1,1,0,1,1,1,0,0,1,0,1
16333,0,"['118.26.252.214', 8053, '192.168.1.166', 35210, 17]",948,0,3,"['90:76:9f:88:5e:a3', '54:ef:44:cd:42:95']",385372050532012179505260243373836167152,8053,0,0,0,1,1,1,1,1,0,1,1,1,0,1,0,1,1
158915,0,"['192.168.1.148', 39300, '180.97.123.223', 6002, 17]",2065,0,10,"['68:6d:bc:a9:7d:7c', '90:76:9f:88:5e:a3']",614063477678326892039746110645770497781,6002,0,0,0,1,0,1,1,1,0,1,1,1,0,0,1,0,1
205552,0,"['192.168.1.153', 22733, '118.25.112.63', 3478, 17]",760,0,10,"['90:76:9f:50:27:d9', '90:76:9f:88:5e:a3']",122295934235254626114273526284172622613,3478,0,0,0,0,1,1,0,1,1,0,0,1,0,1,1,0,1
2536,0,"['192.168.1.166', 35210, '118.26.252.214', 8053, 17]",892,0,5,"['54:ef:44:cd:42:95', '90:76:9f:88:5e:a3']",385372050532012179505260243373836167152,8053,0,0,0,1,1,1,1,1,0,1,1,1,0,1,0,1,1
159412,0,"['192.168.1.148', 37418, '180.97.123.223', 6002, 17]",2065,0,10,"['68:6d:bc:a9:7d:7c', '90:76:9f:88:5e:a3']",324663262592322108480517061996921672872,6002,0,0,0,1,0,1,1,1,0,1,1,1,0,0,1,0,1
169436,0,"['192.168.1.148', 57481, '180.97.123.223', 6002, 17]",2065,0,10,"['68:6d:bc:a9:7d:7c', '90:76:9f:88:5e:a3']",438232525647263083442116090457941578307,6002,0,0,0,1,0,1,1,1,0,1,1,1,0,0,1,0,1
159165,0,"['192.168.1.148', 52886, '180.97.123.223', 6002, 17]",2065,0,10,"['68:6d:bc:a9:7d:7c', '90:76:9f:88:5e:a3']",559669946361925756640217117264378733791,6002,0,0,0,1,0,1,1,1,0,1,1,1,0,0,1,0,1
169496,0,"['192.168.1.148', 52726, '180.97.123.223', 6002, 17]",2065,0,10,"['68:6d:bc:a9:7d:7c', '90:76:9f:88:5e:a3']",383864578089486778433284551085928775536,6002,0,0,0,1,0,1,1,1,0,1,1,1,0,0,1,0,1
11681,0,"['192.168.1.166', 35210, '118.26.252.214', 8053, 17]",948,0,7,"['54:ef:44:cd:42:95', '90:76:9f:88:5e:a3']",385372050532012179505260243373836167152,8053,0,0,0,1,1,1,1,1,0,1,1,1,0,1,0,1,1
916,0,"['192.168.1.166', 35210, '118.26.252.214', 8053, 17]",892,0,5,"['54:ef:44:cd:42:95', '90:76:9f:88:5e:a3']",385372050532012179505260243373836167152,8053,0,0,0,1,1,1,1,1,0,1,1,1,0,1,0,1,1
164452,0,"['192.168.1.148', 58687, '180.97.123.223', 6002, 17]",2065,0,10,"['68:6d:bc:a9:7d:7c', '90:76:9f:88:5e:a3']",427861925208856377479896969651975299577,6002,0,0,0,1,0,1,1,1,0,1,1,1,0,0,1,0,1
1508,0,"['118.26.252.214', 8053, '192.168.1.166', 35210, 17]",932,0,3,"['90:76:9f:88:5e:a3', '54:ef:44:cd:42:95']",385372050532012179505260243373836167152,8053,0,0,0,1,1,1,1,1,0,1,1,1,0,1,0,1,1
164664,0,"['192.168.1.148', 48281, '180.97.123.223', 6002, 17]",2065,0,10,"['68:6d:bc:a9:7d:7c', '90:76:9f:88:5e:a3']",579874927050321829635798533583804439496,6002,0,0,0,1,0,1,1,1,0,1,1,1,0,0,1,0,1
169363,0,"['192.168.1.148', 48914, '180.97.123.223', 6002, 17]",2065,0,10,"['68:6d:bc:a9:7d:7c', '90:76:9f:88:5e:a3']",326100991075337348718224745488960939776,6002,0,0,0,1,0,1,1,1,0,1,1,1,0,0,1,0,1
169886,0,"['192.168.1.148', 55990, '180.97.123.223', 6002, 17]",2065,0,10,"['68:6d:bc:a9:7d:7c', '90:76:9f:88:5e:a3']",391462033261741165380138805176697701355,6002,0,0,0,1,0,1,1,1,0,1,1,1,0,0,1,0,1
169871,0,"['192.168.1.148', 60481, '180.97.123.223', 6002, 17]",2065,0,10,"['68:6d:bc:a9:7d:7c', '90:76:9f:88:5e:a3']",658857871888493489042358691350581273089,6002,0,0,0,1,0,1,1,1,0,1,1,1,0,0,1,0,1
722,0,"['192.168.1.166', 35210, '118.26.252.214', 8053, 17]",892,0,5,"['54:ef:44:cd:42:95', '90:76:9f:88:5e:a3']",385372050532012179505260243373836167152,8053,0,0,0,1,1,1,1,1,0,1,1,1,0,1,0,1,1
169644,0,"['192.168.1.148', 40868, '180.97.123.223', 6002, 17]",2065,0,10,"['68:6d:bc:a9:7d:7c', '90:76:9f:88:5e:a3']",428127608623769912919857939776799260904,6002,0,0,0,1,0,1,1,1,0,1,1,1,0,0,1,0,1
9969,0,"['192.168.1.166', 35210, '118.26.252.214', 8053, 17]",892,0,5,"['54:ef:44:cd:42:95', '90:76:9f:88:5e:a3']",385372050532012179505260243373836167152,8053,0,0,0,1,1,1,1,1,0,1,1,1,0,1,0,1,1
164130,0,"['192.168.1.148', 58955, '180.97.123.223', 6002, 17]",2065,0,10,"['68:6d:bc:a9:7d:7c', '90:76:9f:88:5e:a3']",585420383695896246412652272246595758573,6002,0,0,0,1,0,1,1,1,0,1,1,1,0,0,1,0,1
174756,0,"['192.168.1.148', 49927, '180.97.123.223', 6002, 17]",2065,0,10,"['68:6d:bc:a9:7d:7c', '90:76:9f:88:5e:a3']",469642738416718390761280735226085427262,6002,0,0,0,1,0,1,1,1,0,1,1,1,0,0,1,0,1
3970,0,"['118.26.252.214', 8053, '192.168.1.166', 35210, 17]",804,0,7,"['90:76:9f:88:5e:a3', '54:ef:44:cd:42:95']",385372050532012179505260243373836167152,8053,0,0,0,1,1,1,1,1,0,1,1,1,0,1,0,1,1
174723,0,"['192.168.1.148', 54739, '180.97.123.223', 6002, 17]",2065,0,10,"['68:6d:bc:a9:7d:7c', '90:76:9f:88:5e:a3']",395942680543789532607645074291466288560,6002,0,0,0,1,0,1,1,1,0,1,1,1,0,0,1,0,1
107314,0,"['192.168.1.199', 57226, '192.168.1.1', 53, 17]",704,0,8,"['b0:f8:93:42:22:bf', '90:76:9f:88:5e:a3']",59444755131020393819153407267856145021,53,0,0,0,0,0,0,0,0,0,0,1,1,0,1,0,1,1
164343,0,"['192.168.1.148', 41767, '180.97.123.223', 6002, 17]",2065,0,10,"['68:6d:bc:a9:7d:7c', '90:76:9f:88:5e:a3']",404259168660353412948556455440354779607,6002,0,0,0,1,0,1,1,1,0,1,1,1,0,0,1,0,1
4689,0,"['118.26.252.214', 8053, '192.168.1.166', 35210, 17]",804,0,7,"['90:76:9f:88:5e:a3', '54:ef:44:cd:42:95']",385372050532012179505260243373836167152,8053,0,0,0,1,1,1,1,1,0,1,1,1,0,1,0,1,1
164159,0,"['192.168.1.148', 56068, '180.97.123.223', 6002, 17]",2065,0,10,"['68:6d:bc:a9:7d:7c', '90:76:9f:88:5e:a3']",413621485544708684158645575805358275743,6002,0,0,0,1,0,1,1,1,0,1,1,1,0,0,1,0,1
158794,0,"['192.168.1.148', 34289, '180.97.123.223', 6002, 17]",2065,0,10,"['68:6d:bc:a9:7d:7c', '90:76:9f:88:5e:a3']",349319827324467498475605599704250738035,6002,0,0,0,1,0,1,1,1,0,1,1,1,0,0,1,0,1
159053,0,"['192.168.1.148', 45397, '180.97.123.223', 6002, 17]",2065,0,10,"['68:6d:bc:a9:7d:7c', '90:76:9f:88:5e:a3']",412592110390908530145297710883005390835,6002,0,0,0,1,0,1,1,1,0,1,1,1,0,0,1,0,1
175094,0,"['192.168.1.148', 43839, '180.97.123.223', 6002, 17]",2065,0,10,"['68:6d:bc:a9:7d:7c', '90:76:9f:88:5e:a3']",507276429863496637594852983164500184853,6002,0,0,0,1,0,1,1,1,0,1,1,1,0,0,1,0,1
5995,0,"['118.26.252.214', 8053, '192.168.1.166', 35210, 17]",948,0,3,"['90:76:9f:88:5e:a3', '54:ef:44:cd:42:95']",385372050532012179505260243373836167152,8053,0,0,0,1,1,1,1,1,0,1,1,1,0,1,0,1,1
16126,0,"['192.168.1.166', 35210, '118.26.252.214', 8053, 17]",892,0,5,"['54:ef:44:cd:42:95', '90:76:9f:88:5e:a3']",385372050532012179505260243373836167152,8053,0,0,0,1,1,1,1,1,0,1,1,1,0,1,0,1,1
169654,0,"['192.168.1.148', 40052, '180.97.123.223', 6002, 17]",2065,0,10,"['68:6d:bc:a9:7d:7c', '90:76:9f:88:5e:a3']",452144203321439399943675511298783473054,6002,0,0,0,1,0,1,1,1,0,1,1,1,0,0,1,0,1
206766,0,"['192.168.1.153', 23678, '118.25.112.63', 3478, 17]",760,0,10,"['90:76:9f:50:27:d9', '90:76:9f:88:5e:a3']",299097476775682574471527428900109097345,3478,0,0,0,0,1,1,0,1,1,0,0,1,0,1,1,0,1
14028,0,"['118.26.252.214', 8053, '192.168.1.166', 35210, 17]",932,0,3,"['90:76:9f:88:5e:a3', '54:ef:44:cd:42:95']",385372050532012179505260243373836167152,8053,0,0,0,1,1,1,1,1,0,1,1,1,0,1,0,1,1
159281,0,"['192.168.1.148', 40865, '180.97.123.223', 6002, 17]",2065,0,10,"['68:6d:bc:a9:7d:7c', '90:76:9f:88:5e:a3']",526960783581665053579936476094314864344,6002,0,0,0,1,0,1,1,1,0,1,1,1,0,0,1,0,1
151933,0,"['192.168.1.109', 5353, '224.0.0.251', 5353, 17]",2077,0,8,"['54:ef:44:cd:f4:5d', '01:00:5e:00:00:fb']",271859567480451336615226599724279344811,5353,0,0,0,1,0,1,0,0,1,1,1,0,1,0,0,1,1
169928,0,"['192.168.1.148', 49702, '180.97.123.223', 6002, 17]",2065,0,10,"['68:6d:bc:a9:7d:7c', '90:76:9f:88:5e:a3']",363331441071601088262790593926789607184,6002,0,0,0,1,0,1,1,1,0,1,1,1,0,0,1,0,1
10339,0,"['192.168.1.166', 35210, '118.26.252.214', 8053, 17]",892,0,5,"['54:ef:44:cd:42:95', '90:76:9f:88:5e:a3']",385372050532012179505260243373836167152,8053,0,0,0,1,1,1,1,1,0,1,1,1,0,1,0,1,1
174945,0,"['192.168.1.148', 35331, '180.97.123.223', 6002, 17]",2065,0,10,"['68:6d:bc:a9:7d:7c', '90:76:9f:88:5e:a3']",586124004791895953694005750220593091416,6002,0,0,0,1,0,1,1,1,0,1,1,1,0,0,1,0,1
164163,0,"['192.168.1.148', 60997, '180.97.123.223', 6002, 17]",2065,0,10,"['68:6d:bc:a9:7d:7c', '90:76:9f:88:5e:a3']",622143306651356488754754026202070834266,6002,0,0,0,1,0,1,1,1,0,1,1,1,0,0,1,0,1
169890,0,"['192.168.1.148', 42067, '180.97.123.223', 6002, 17]",2065,0,10,"['68:6d:bc:a9:7d:7c', '90:76:9f:88:5e:a3']",438307490592511959366964193030357276529,6002,0,0,0,1,0,1,1,1,0,1,1,1,0,0,1,0,1
16236,0,"['118.26.252.214', 8053, '192.168.1.166', 35210, 17]",948,0,3,"['90:76:9f:88:5e:a3', '54:ef:44:cd:42:95']",385372050532012179505260243373836167152,8053,0,0,0,1,1,1,1,1,0,1,1,1,0,1,0,1,1
175178,0,"['192.168.1.148', 34592, '180.97.123.223', 6002, 17]",2065,0,10,"['68:6d:bc:a9:7d:7c', '90:76:9f:88:5e:a3']",360042308688133545182168599557443132574,6002,0,0,0,1,0,1,1,1,0,1,1,1,0,0,1,0,1
14492,0,"['192.168.1.166', 35210, '118.26.252.214', 8053, 17]",892,0,5,"['54:ef:44:cd:42:95', '90:76:9f:88:5e:a3']",385372050532012179505260243373836167152,8053,0,0,0,1,1,1,1,1,0,1,1,1,0,1,0,1,1
219273,0,"['192.168.1.153', 20363, '118.25.112.63', 3478, 17]",760,0,10,"['90:76:9f:50:27:d9', '90:76:9f:88:5e:a3']",163213432937428974042497262308284042198,3478,0,0,0,0,1,1,0,1,1,0,0,1,0,1,1,0,1
212428,0,"['192.168.1.153', 30437, '212.64.65.187', 3478, 17]",760,0,10,"['90:76:9f:50:27:d9', '90:76:9f:88:5e:a3']",188680430474619291897520714654226698943,3478,0,0,0,0,1,1,0,1,1,0,0,1,0,1,1,0,1
164617,0,"['192.168.1.148', 49889, '180.97.123.223', 6002, 17]",2065,0,10,"['68:6d:bc:a9:7d:7c', '90:76:9f:88:5e:a3']",595060035093158620494335036532262124370,6002,0,0,0,1,0,1,1,1,0,1,1,1,0,0,1,0,1
174812,0,"['192.168.1.148', 46016, '180.97.123.223', 6002, 17]",2065,0,10,"['68:6d:bc:a9:7d:7c', '90:76:9f:88:5e:a3']",375751625326403768724512650818874543377,6002,0,0,0,1,0,1,1,1,0,1,1,1,0,0,1,0,1
4175,0,"['192.168.1.166', 35210, '118.26.252.214', 8053, 17]",892,0,5,"['54:ef:44:cd:42:95', '90:76:9f:88:5e:a3']",385372050532012179505260243373836167152,8053,0,0,0,1,1,1,1,1,0,1,1,1,0,1,0,1,1
2428,0,"['118.26.252.214', 8053, '192.168.1.166', 35210, 17]",948,0,3,"['90:76:9f:88:5e:a3', '54:ef:44:cd:42:95']",385372050532012179505260243373836167152,8053,0,0,0,1,1,1,1,1,0,1,1,1,0,1,0,1,1
169550,0,"['192.168.1.148', 46184, '180.97.123.223', 6002, 17]",2065,0,10,"['68:6d:bc:a9:7d:7c', '90:76:9f:88:5e:a3']",343279037005814198455935013244175445694,6002,0,0,0,1,0,1,1,1,0,1,1,1,0,0,1,0,1
143482,0,"['192.168.1.109', 5353, '224.0.0.251', 5353, 17]",2067,0,8,"['54:ef:44:cd:f4:5d', '01:00:5e:00:00:fb']",271859567480451336615226599724279344811,5353,0,0,0,1,0,1,0,0,1,1,1,0,1,0,0,1,1
214367,0,"['192.168.1.153', 23571, '118.25.112.63', 3478, 17]",760,0,10,"['90:76:9f:50:27:d9', '90:76:9f:88:5e:a3']",179508745907363094426290703391524782220,3478,0,0,0,0,1,1,0,1,1,0,0,1,0,1,1,0,1
159211,0,"['192.168.1.148', 51772, '180.97.123.223', 6002, 17]",2065,0,10,"['68:6d:bc:a9:7d:7c', '90:76:9f:88:5e:a3']",353291824859660339553918100875838059474,6002,0,0,0,1,0,1,1,1,0,1,1,1,0,0,1,0,1
174997,0,"['192.168.1.148', 45012, '180.97.123.223', 6002, 17]",2065,0,10,"['68:6d:bc:a9:7d:7c', '90:76:9f:88:5e:a3']",502980032797981381321867777444323630333,6002,0,0,0,1,0,1,1,1,0,1,1,1,0,0,1,0,1
205763,0,"['192.168.1.153', 19328, '118.25.112.63', 3478, 17]",912,0,12,"['90:76:9f:50:27:d9', '90:76:9f:88:5e:a3']",352102333477731773321645582400228500663,3478,0,0,0,0,1,1,0,1,1,0,0,1,0,1,1,0,1
158829,0,"['192.168.1.148', 54239, '180.97.123.223', 6002, 17]",2065,0,10,"['68:6d:bc:a9:7d:7c', '90:76:9f:88:5e:a3']",489202744890546823095026595592032145504,6002,0,0,0,1,0,1,1,1,0,1,1,1,0,0,1,0,1
17252,0,"['118.26.252.214', 8053, '192.168.1.166', 35210, 17]",932,0,3,"['90:76:9f:88:5e:a3', '54:ef:44:cd:42:95']",385372050532012179505260243373836167152,8053,0,0,0,1,1,1,1,1,0,1,1,1,0,1,0,1,1
174916,0,"['192.168.1.148', 40139, '180.97.123.223', 6002, 17]",2065,0,10,"['68:6d:bc:a9:7d:7c', '90:76:9f:88:5e:a3']",338704706028870788227534172402713049704,6002,0,0,0,1,0,1,1,1,0,1,1,1,0,0,1,0,1
174773,0,"['192.168.1.148', 34455, '180.97.123.223', 6002, 17]",2065,0,10,"['68:6d:bc:a9:7d:7c', '90:76:9f:88:5e:a3']",627769579296654052156155860428958007456,6002,0,0,0,1,0,1,1,1,0,1,1,1,0,0,1,0,1
174698,0,"['192.168.1.148', 35511, '180.97.123.223', 6002, 17]",2065,0,10,"['68:6d:bc:a9:7d:7c', '90:76:9f:88:5e:a3']",368130394259939363396808146033653018995,6002,0,0,0,1,0,1,1,1,0,1,1,1,0,0,1,0,1
174665,0,"['192.168.1.148', 60709, '180.97.123.223', 6002, 17]",2065,0,10,"['68:6d:bc:a9:7d:7c', '90:76:9f:88:5e:a3']",563370393304709735749171459498627875352,6002,0,0,0,1,0,1,1,1,0,1,1,1,0,0,1,0,1
174681,0,"['192.168.1.148', 34898, '180.97.123.223', 6002, 17]",2065,0,10,"['68:6d:bc:a9:7d:7c', '90:76:9f:88:5e:a3']",521588824667252333316255896463744769569,6002,0,0,0,1,0,1,1,1,0,1,1,1,0,0,1,0,1
169577,0,"['192.168.1.148', 45925, '180.97.123.223', 6002, 17]",2065,0,10,"['68:6d:bc:a9:7d:7c', '90:76:9f:88:5e:a3']",405501134648938938793248014004112696474,6002,0,0,0,1,0,1,1,1,0,1,1,1,0,0,1,0,1
174738,0,"['192.168.1.148', 42674, '180.97.123.223', 6002, 17]",2065,0,10,"['68:6d:bc:a9:7d:7c', '90:76:9f:88:5e:a3']",448905875712469396095939244003191089290,6002,0,0,0,1,0,1,1,1,0,1,1,1,0,0,1,0,1
16413,0,"['192.168.1.166', 35210, '118.26.252.214', 8053, 17]",892,0,5,"['54:ef:44:cd:42:95', '90:76:9f:88:5e:a3']",385372050532012179505260243373836167152,8053,0,0,0,1,1,1,1,1,0,1,1,1,0,1,0,1,1
134335,0,"['192.168.1.199', 4953, '192.168.1.1', 53, 17]",704,0,8,"['b0:f8:93:42:22:bf', '90:76:9f:88:5e:a3']",338898442717093717184386002664964970587,53,0,0,0,0,0,0,0,0,0,0,1,1,0,1,0,1,1
16318,0,"['192.168.1.166', 35210, '118.26.252.214', 8053, 17]",892,0,5,"['54:ef:44:cd:42:95', '90:76:9f:88:5e:a3']",385372050532012179505260243373836167152,8053,0,0,0,1,1,1,1,1,0,1,1,1,0,1,0,1,1
25652,0,"['118.26.252.214', 8053, '192.168.1.166', 35210, 17]",948,0,3,"['90:76:9f:88:5e:a3', '54:ef:44:cd:42:95']",385372050532012179505260243373836167152,8053,0,0,0,1,1,1,1,1,0,1,1,1,0,1,0,1,1
24004,0,"['192.168.1.166', 35210, '118.26.252.214', 8053, 17]",916,0,7,"['54:ef:44:cd:42:95', '90:76:9f:88:5e:a3']",385372050532012179505260243373836167152,8053,0,0,0,1,1,1,1,1,0,1,1,1,0,1,0,1,1
212827,0,"['192.168.1.153', 32490, '212.64.65.187', 3478, 17]",760,0,10,"['90:76:9f:50:27:d9', '90:76:9f:88:5e:a3']",186041143617628938028779020196937509076,3478,0,0,0,0,1,1,0,1,1,0,0,1,0,1,1,0,1
18105,0,"['118.26.252.214', 8053, '192.168.1.166', 35210, 17]",804,0,7,"['90:76:9f:88:5e:a3', '54:ef:44:cd:42:95']",385372050532012179505260243373836167152,8053,0,0,0,1,1,1,1,1,0,1,1,1,0,1,0,1,1
174908,0,"['192.168.1.148', 51843, '180.97.123.223', 6002, 17]",2065,0,10,"['68:6d:bc:a9:7d:7c', '90:76:9f:88:5e:a3']",383100870841747887074183141614578334295,6002,0,0,0,1,0,1,1,1,0,1,1,1,0,0,1,0,1
174621,0,"['192.168.1.148', 51696, '180.97.123.223', 6002, 17]",2065,0,10,"['68:6d:bc:a9:7d:7c', '90:76:9f:88:5e:a3']",355431560695150054400595933417906938126,6002,0,0,0,1,0,1,1,1,0,1,1,1,0,0,1,0,1
19492,0,"['118.26.252.214', 8053, '192.168.1.166', 35210, 17]",932,0,3,"['90:76:9f:88:5e:a3', '54:ef:44:cd:42:95']",385372050532012179505260243373836167152,8053,0,0,0,1,1,1,1,1,0,1,1,1,0,1,0,1,1
158817,0,"['192.168.1.148', 54759, '180.97.123.223', 6002, 17]",2065,0,10,"['68:6d:bc:a9:7d:7c', '90:76:9f:88:5e:a3']",567465363591348376725942669051264050408,6002,0,0,0,1,0,1,1,1,0,1,1,1,0,0,1,0,1
11349,0,"['118.26.252.214', 8053, '192.168.1.166', 35210, 17]",804,0,7,"['90:76:9f:88:5e:a3', '54:ef:44:cd:42:95']",385372050532012179505260243373836167152,8053,0,0,0,1,1,1,1,1,0,1,1,1,0,1,0,1,1
2065,0,"['192.168.1.166', 35210, '118.26.252.214', 8053, 17]",892,0,5,"['54:ef:44:cd:42:95', '90:76:9f:88:5e:a3']",385372050532012179505260243373836167152,8053,0,0,0,1,1,1,1,1,0,1,1,1,0,1,0,1,1
157740,0,"['192.168.1.148', 43027, '180.97.123.223', 6002, 17]",2065,0,10,"['68:6d:bc:a9:7d:7c', '90:76:9f:88:5e:a3']",395196239906805771425902497366496832427,6002,0,0,0,1,0,1,1,1,0,1,1,1,0,0,1,0,1
174981,0,"['192.168.1.148', 53501, '180.97.123.223', 6002, 17]",2065,0,10,"['68:6d:bc:a9:7d:7c', '90:76:9f:88:5e:a3']",653430732425392252771055561958152216811,6002,0,0,0,1,0,1,1,1,0,1,1,1,0,0,1,0,1
6571,0,"['118.26.252.214', 8053, '192.168.1.166', 35210, 17]",932,0,3,"['90:76:9f:88:5e:a3', '54:ef:44:cd:42:95']",385372050532012179505260243373836167152,8053,0,0,0,1,1,1,1,1,0,1,1,1,0,1,0,1,1
164534,0,"['192.168.1.148', 55408, '180.97.123.223', 6002, 17]",2065,0,10,"['68:6d:bc:a9:7d:7c', '90:76:9f:88:5e:a3']",398306761701624433347511033988066918578,6002,0,0,0,1,0,1,1,1,0,1,1,1,0,0,1,0,1
174746,0,"['192.168.1.148', 53513, '180.97.123.223', 6002, 17]",2065,0,10,"['68:6d:bc:a9:7d:7c', '90:76:9f:88:5e:a3']",344744513327996411363894373781017205627,6002,0,0,0,1,0,1,1,1,0,1,1,1,0,0,1,0,1
6761,0,"['118.26.252.214', 8053, '192.168.1.166', 35210, 17]",948,0,3,"['90:76:9f:88:5e:a3', '54:ef:44:cd:42:95']",385372050532012179505260243373836167152,8053,0,0,0,1,1,1,1,1,0,1,1,1,0,1,0,1,1
134327,0,"['192.168.1.199', 4854, '192.168.1.1', 53, 17]",704,0,8,"['b0:f8:93:42:22:bf', '90:76:9f:88:5e:a3']",245421422797585152380894755134380926089,53,0,0,0,0,0,0,0,0,0,0,1,1,0,1,0,1,1
175138,0,"['192.168.1.148', 37710, '180.97.123.223', 6002, 17]",2065,0,10,"['68:6d:bc:a9:7d:7c', '90:76:9f:88:5e:a3']",368334254966762560539970993448074946059,6002,0,0,0,1,0,1,1,1,0,1,1,1,0,0,1,0,1
164625,0,"['192.168.1.148', 43175, '180.97.123.223', 6002, 17]",2065,0,10,"['68:6d:bc:a9:7d:7c', '90:76:9f:88:5e:a3']",635895170109737157934603400071621624384,6002,0,0,0,1,0,1,1,1,0,1,1,1,0,0,1,0,1
218578,0,"['192.168.1.153', 16912, '118.25.112.63', 3478, 17]",760,0,10,"['90:76:9f:50:27:d9', '90:76:9f:88:5e:a3']",100018684599900973646830919853018884556,3478,0,0,0,0,1,1,0,1,1,0,0,1,0,1,1,0,1
13934,0,"['118.26.252.214', 8053, '192.168.1.166', 35210, 17]",948,0,3,"['90:76:9f:88:5e:a3', '54:ef:44:cd:42:95']",385372050532012179505260243373836167152,8053,0,0,0,1,1,1,1,1,0,1,1,1,0,1,0,1,1
206332,0,"['192.168.1.153', 16896, '123.206.227.74', 3479, 17]",760,0,10,"['90:76:9f:50:27:d9', '90:76:9f:88:5e:a3']",279008526168293811634552281018983538211,3479,0,0,0,0,1,1,0,1,1,0,0,1,0,1,1,1,1
169926,0,"['192.168.1.148', 43783, '180.97.123.223', 6002, 17]",2065,0,10,"['68:6d:bc:a9:7d:7c', '90:76:9f:88:5e:a3']",615160359469634546450743770059116125744,6002,0,0,0,1,0,1,1,1,0,1,1,1,0,0,1,0,1
206967,0,"['192.168.1.153', 24948, '118.25.112.63', 3478, 17]",760,0,10,"['90:76:9f:50:27:d9', '90:76:9f:88:5e:a3']",103648693482952488164915474554675856912,3478,0,0,0,0,1,1,0,1,1,0,0,1,0,1,1,0,1
207002,0,"['192.168.1.153', 25600, '118.25.112.63', 3478, 17]",760,0,10,"['90:76:9f:50:27:d9', '90:76:9f:88:5e:a3']",250613914319683756457012233910194941326,3478,0,0,0,0,1,1,0,1,1,0,0,1,0,1,1,0,1
159275,0,"['192.168.1.148', 57171, '180.97.123.223', 6002, 17]",2065,0,10,"['68:6d:bc:a9:7d:7c', '90:76:9f:88:5e:a3']",360566453792790459257014939766768403025,6002,0,0,0,1,0,1,1,1,0,1,1,1,0,0,1,0,1
158932,0,"['192.168.1.148', 59807, '180.97.123.223', 6002, 17]",2065,0,10,"['68:6d:bc:a9:7d:7c', '90:76:9f:88:5e:a3']",387839197074407630272557886048079230013,6002,0,0,0,1,0,1,1,1,0,1,1,1,0,0,1,0,1
164439,0,"['192.168.1.148', 39909, '180.97.123.223', 6002, 17]",2065,0,10,"['68:6d:bc:a9:7d:7c', '90:76:9f:88:5e:a3']",338880076464713836858468703099871627171,6002,0,0,0,1,0,1,1,1,0,1,1,1,0,0,1,0,1
164069,0,"['192.168.1.148', 53219, '180.97.123.223', 6002, 17]",2065,0,10,"['68:6d:bc:a9:7d:7c', '90:76:9f:88:5e:a3']",455184096385662489262755744823526711205,6002,0,0,0,1,0,1,1,1,0,1,1,1,0,0,1,0,1
164155,0,"['192.168.1.148', 58051, '180.97.123.223', 6002, 17]",2065,0,10,"['68:6d:bc:a9:7d:7c', '90:76:9f:88:5e:a3']",656679182311939356540893897745373861960,6002,0,0,0,1,0,1,1,1,0,1,1,1,0,0,1,0,1
164258,0,"['192.168.1.148', 60827, '180.97.123.223', 6002, 17]",2065,0,10,"['68:6d:bc:a9:7d:7c', '90:76:9f:88:5e:a3']",449245135230051650934061657880188735296,6002,0,0,0,1,0,1,1,1,0,1,1,1,0,0,1,0,1
107330,0,"['192.168.1.199', 57384, '192.168.1.1', 53, 17]",704,0,8,"['b0:f8:93:42:22:bf', '90:76:9f:88:5e:a3']",301656879222884851730951519404773039808,53,0,0,0,0,0,0,0,0,0,0,1,1,0,1,0,1,1
218519,0,"['192.168.1.153', 30766, '118.25.112.63', 3478, 17]",760,0,10,"['90:76:9f:50:27:d9', '90:76:9f:88:5e:a3']",302885333070570689041363845269756397643,3478,0,0,0,0,1,1,0,1,1,0,0,1,0,1,1,0,1
169511,0,"['192.168.1.148', 53518, '180.97.123.223', 6002, 17]",2065,0,10,"['68:6d:bc:a9:7d:7c', '90:76:9f:88:5e:a3']",551896381334082584280969936997735232597,6002,0,0,0,1,0,1,1,1,0,1,1,1,0,0,1,0,1
206231,0,"['192.168.1.153', 27216, '118.25.112.63', 3478, 17]",760,0,10,"['90:76:9f:50:27:d9', '90:76:9f:88:5e:a3']",408547397487266324680744160119895323558,3478,0,0,0,0,1,1,0,1,1,0,0,1,0,1,1,0,1
169592,0,"['192.168.1.148', 35995, '180.97.123.223', 6002, 17]",2065,0,10,"['68:6d:bc:a9:7d:7c', '90:76:9f:88:5e:a3']",536808116522373024383851151588220403553,6002,0,0,0,1,0,1,1,1,0,1,1,1,0,0,1,0,1
16029,0,"['192.168.1.166', 35210, '118.26.252.214', 8053, 17]",892,0,5,"['54:ef:44:cd:42:95', '90:76:9f:88:5e:a3']",385372050532012179505260243373836167152,8053,0,0,0,1,1,1,1,1,0,1,1,1,0,1,0,1,1
7325,0,"['192.168.1.166', 35210, '118.26.252.214', 8053, 17]",892,0,5,"['54:ef:44:cd:42:95', '90:76:9f:88:5e:a3']",385372050532012179505260243373836167152,8053,0,0,0,1,1,1,1,1,0,1,1,1,0,1,0,1,1
174719,0,"['192.168.1.148', 56782, '180.97.123.223', 6002, 17]",2065,0,10,"['68:6d:bc:a9:7d:7c', '90:76:9f:88:5e:a3']",544806129666091282244343565068129875004,6002,0,0,0,1,0,1,1,1,0,1,1,1,0,0,1,0,1
220735,0,"['192.168.1.153', 16490, '111.231.83.208', 3478, 17]",760,0,10,"['90:76:9f:50:27:d9', '90:76:9f:88:5e:a3']",388819024062478214722926050142178845058,3478,0,0,0,0,1,1,0,1,1,0,0,1,0,1,1,0,1
161052,0,"['192.168.1.109', 5353, '224.0.0.251', 5353, 17]",2067,0,8,"['54:ef:44:cd:f4:5d', '01:00:5e:00:00:fb']",271859567480451336615226599724279344811,5353,0,0,0,1,0,1,0,0,1,1,1,0,1,0,0,1,1
219044,0,"['192.168.1.153', 21275, '118.25.112.63', 3478, 17]",912,0,12,"['90:76:9f:50:27:d9', '90:76:9f:88:5e:a3']",188371431396101307487305234142119491078,3478,0,0,0,0,1,1,0,1,1,0,0,1,0,1,1,0,1
174696,0,"['192.168.1.148', 60452, '180.97.123.223', 6002, 17]",2065,0,10,"['68:6d:bc:a9:7d:7c', '90:76:9f:88:5e:a3']",650801027946552676585494909149453378368,6002,0,0,0,1,0,1,1,1,0,1,1,1,0,0,1,0,1
164678,0,"['192.168.1.148', 56352, '180.97.123.223', 6002, 17]",2065,0,10,"['68:6d:bc:a9:7d:7c', '90:76:9f:88:5e:a3']",525605050578129847130673557920710542860,6002,0,0,0,1,0,1,1,1,0,1,1,1,0,0,1,0,1
169716,0,"['192.168.1.148', 44084, '180.97.123.223', 6002, 17]",2065,0,10,"['68:6d:bc:a9:7d:7c', '90:76:9f:88:5e:a3']",493011155480512150883208189781837819674,6002,0,0,0,1,0,1,1,1,0,1,1,1,0,0,1,0,1
218717,0,"['192.168.1.153', 27875, '111.231.83.208', 3478, 17]",912,0,12,"['90:76:9f:50:27:d9', '90:76:9f:88:5e:a3']",183816284546583197922553179471089643119,3478,0,0,0,0,1,1,0,1,1,0,0,1,0,1,1,0,1
207503,0,"['192.168.1.153', 24495, '212.64.65.187', 3478, 17]",760,0,10,"['90:76:9f:50:27:d9', '90:76:9f:88:5e:a3']",351383828917879602454328218427917297751,3478,0,0,0,0,1,1,0,1,1,0,0,1,0,1,1,0,1
158942,0,"['192.168.1.148', 36255, '180.97.123.223', 6002, 17]",2065,0,10,"['68:6d:bc:a9:7d:7c', '90:76:9f:88:5e:a3']",609170316936803564925774938642779997335,6002,0,0,0,1,0,1,1,1,0,1,1,1,0,0,1,0,1
17645,0,"['192.168.1.166', 35210, '118.26.252.214', 8053, 17]",892,0,5,"['54:ef:44:cd:42:95', '90:76:9f:88:5e:a3']",385372050532012179505260243373836167152,8053,0,0,0,1,1,1,1,1,0,1,1,1,0,1,0,1,1
159038,0,"['192.168.1.148', 38759, '180.97.123.223', 6002, 17]",2065,0,10,"['68:6d:bc:a9:7d:7c', '90:76:9f:88:5e:a3']",601906258541848953794640574770133128887,6002,0,0,0,1,0,1,1,1,0,1,1,1,0,0,1,0,1
219033,0,"['192.168.1.153', 30267, '118.25.112.63', 3478, 17]",760,0,10,"['90:76:9f:50:27:d9', '90:76:9f:88:5e:a3']",238026577350537542053126110677162194239,3478,0,0,0,0,1,1,0,1,1,0,0,1,0,1,1,0,1
164295,0,"['192.168.1.148', 51045, '180.97.123.223', 6002, 17]",2065,0,10,"['68:6d:bc:a9:7d:7c', '90:76:9f:88:5e:a3']",448180977079828661622491743026964115698,6002,0,0,0,1,0,1,1,1,0,1,1,1,0,0,1,0,1
164187,0,"['192.168.1.148', 55155, '180.97.123.223', 6002, 17]",2065,0,10,"['68:6d:bc:a9:7d:7c', '90:76:9f:88:5e:a3']",491884358575671561287357989891696144521,6002,0,0,0,1,0,1,1,1,0,1,1,1,0,0,1,0,1
169502,0,"['192.168.1.148', 59324, '180.97.123.223', 6002, 17]",2065,0,10,"['68:6d:bc:a9:7d:7c', '90:76:9f:88:5e:a3']",473840548785877908600792341561292021347,6002,0,0,0,1,0,1,1,1,0,1,1,1,0,0,1,0,1
174627,0,"['192.168.1.148', 59913, '180.97.123.223', 6002, 17]",2065,0,10,"['68:6d:bc:a9:7d:7c', '90:76:9f:88:5e:a3']",371298030260282671050233160303526365137,6002,0,0,0,1,0,1,1,1,0,1,1,1,0,0,1,0,1
25926,0,"['192.168.1.166', 35210, '118.26.252.214', 8053, 17]",892,0,5,"['54:ef:44:cd:42:95', '90:76:9f:88:5e:a3']",385372050532012179505260243373836167152,8053,0,0,0,1,1,1,1,1,0,1,1,1,0,1,0,1,1
212960,0,"['192.168.1.153', 24897, '212.64.65.187', 3478, 17]",760,0,10,"['90:76:9f:50:27:d9', '90:76:9f:88:5e:a3']",446070225019154222339230201139670048954,3478,0,0,0,0,1,1,0,1,1,0,0,1,0,1,1,0,1
5018,0,"['118.26.252.214', 8053, '192.168.1.166', 35210, 17]",804,0,7,"['90:76:9f:88:5e:a3', '54:ef:44:cd:42:95']",385372050532012179505260243373836167152,8053,0,0,0,1,1,1,1,1,0,1,1,1,0,1,0,1,1
159075,0,"['192.168.1.148', 38665, '180.97.123.223', 6002, 17]",2065,0,10,"['68:6d:bc:a9:7d:7c', '90:76:9f:88:5e:a3']",396848880432139714128505600319310204292,6002,0,0,0,1,0,1,1,1,0,1,1,1,0,0,1,0,1
213065,0,"['192.168.1.153', 17875, '212.64.65.187', 3478, 17]",760,0,10,"['90:76:9f:50:27:d9', '90:76:9f:88:5e:a3']",284784235802384175477157122900000376479,3478,0,0,0,0,1,1,0,1,1,0,0,1,0,1,1,0,1
159044,0,"['192.168.1.148', 58155, '180.97.123.223', 6002, 17]",2065,0,10,"['68:6d:bc:a9:7d:7c', '90:76:9f:88:5e:a3']",429833936824573163131514379958572492609,6002,0,0,0,1,0,1,1,1,0,1,1,1,0,0,1,0,1
169679,0,"['192.168.1.148', 54402, '180.97.123.223', 6002, 17]",2065,0,10,"['68:6d:bc:a9:7d:7c', '90:76:9f:88:5e:a3']",355569376059541996106349971072653796753,6002,0,0,0,1,0,1,1,1,0,1,1,1,0,0,1,0,1
57577,0,"['192.168.1.1', 67, '192.168.1.150', 68, 17]",2296,0,7,"['90:76:9f:88:5e:a3', 'dc:bd:7a:c6:b8:ae']",468842588780810758010011567953489833506,67,0,0,0,0,0,0,0,0,0,1,0,0,0,0,1,1,1
82953,0,"['192.168.1.199', 60477, '192.168.1.1', 53, 17]",704,0,8,"['b0:f8:93:42:22:bf', '90:76:9f:88:5e:a3']",123428271749838196017585511945319428466,53,0,0,0,0,0,0,0,0,0,0,1,1,0,1,0,1,1
14125,0,"['118.26.252.214', 8053, '192.168.1.166', 35210, 17]",932,0,3,"['90:76:9f:88:5e:a3', '54:ef:44:cd:42:95']",385372050532012179505260243373836167152,8053,0,0,0,1,1,1,1,1,0,1,1,1,0,1,0,1,1
174713,0,"['192.168.1.148', 42326, '180.97.123.223', 6002, 17]",2065,0,10,"['68:6d:bc:a9:7d:7c', '90:76:9f:88:5e:a3']",413319304968257209853397791447625238352,6002,0,0,0,1,0,1,1,1,0,1,1,1,0,0,1,0,1
164674,0,"['192.168.1.148', 43866, '180.97.123.223', 6002, 17]",2065,0,10,"['68:6d:bc:a9:7d:7c', '90:76:9f:88:5e:a3']",450607698577449836897173765189903607865,6002,0,0,0,1,0,1,1,1,0,1,1,1,0,0,1,0,1
22463,0,"['118.26.252.214', 8053, '192.168.1.166', 35210, 17]",948,0,3,"['90:76:9f:88:5e:a3', '54:ef:44:cd:42:95']",385372050532012179505260243373836167152,8053,0,0,0,1,1,1,1,1,0,1,1,1,0,1,0,1,1
175113,0,"['192.168.1.148', 50058, '180.97.123.223', 6002, 17]",2065,0,10,"['68:6d:bc:a9:7d:7c', '90:76:9f:88:5e:a3']",649952016217739145295569496854449196007,6002,0,0,0,1,0,1,1,1,0,1,1,1,0,0,1,0,1
164487,0,"['192.168.1.148', 36882, '180.97.123.223', 6002, 17]",2065,0,10,"['68:6d:bc:a9:7d:7c', '90:76:9f:88:5e:a3']",582369332734093305171210905778920975250,6002,0,0,0,1,0,1,1,1,0,1,1,1,0,0,1,0,1
78565,0,"['47.107.90.140', 16178, '192.168.1.199', 8550, 6]",4190,1,13,"['90:76:9f:88:5e:a3', 'b0:f8:93:42:22:bf']",338631596547084687652812027517321147640,16178,0,0,1,1,1,1,1,1,0,0,1,1,0,0,1,0,1
202031,0,"['192.168.1.153', 46738, '161.189.90.178', 443, 6]",3769,1,14,"['90:76:9f:50:27:d9', '90:76:9f:88:5e:a3']",150520989034534337270276402831209599516,443,0,0,0,0,0,0,0,1,1,0,1,1,1,0,1,1,1
66986,0,"['47.107.90.140', 16178, '192.168.1.199', 8550, 6]",3839,1,12,"['90:76:9f:88:5e:a3', 'b0:f8:93:42:22:bf']",338631596547084687652812027517321147640,16178,0,0,1,1,1,1,1,1,0,0,1,1,0,0,1,0,1
209699,0,"['161.189.90.178', 443, '192.168.1.153', 47166, 6]",4473,1,12,"['90:76:9f:88:5e:a3', '90:76:9f:50:27:d9']",302450252698917445989767627566031145664,443,0,0,0,0,0,0,0,1,1,0,1,1,1,0,1,1,1
69413,0,"['47.107.90.140', 16178, '192.168.1.199', 8550, 6]",3839,1,12,"['90:76:9f:88:5e:a3', 'b0:f8:93:42:22:bf']",338631596547084687652812027517321147640,16178,0,0,1,1,1,1,1,1,0,0,1,1,0,0,1,0,1
117172,0,"['47.107.90.140', 16178, '192.168.1.199', 9166, 6]",3799,1,11,"['90:76:9f:88:5e:a3', 'b0:f8:93:42:22:bf']",459597413061442159307166456049397025577,16178,0,0,1,1,1,1,1,1,0,0,1,1,0,0,1,0,1
124722,0,"['47.107.86.153', 16178, '192.168.1.199', 9170, 6]",4230,1,14,"['90:76:9f:88:5e:a3', 'b0:f8:93:42:22:bf']",325377586462267835740489969010116078926,16178,0,0,1,1,1,1,1,1,0,0,1,1,0,0,1,0,1
14239,0,"['192.168.100.150', 33206, '192.168.100.3', 80, 6]",4390,1,12,"['00:50:56:be:02:54', '00:50:56:be:26:db']",371996372194030023217877225231748180625,33206,1,0,0,0,0,0,0,1,1,0,1,1,0,1,1,0,1
